Aggressive-Sand7812,False
Traditional-Sound386,False
AshTriton,False
Kzhkd235,False
andromeda_cygnus,False
antiadharma,False
Idina_Menzels_Larynx,False
DuhItsNifty,False
__siddhanth_,False
zslick,False
Novel_Conference2854,False
Impressive-Cattle-70,False
Solanum47,False
G0VINDA,False
FrolickingSkeleton,False
Samarthian147,False
AutoModerator,False
kuchbhifeko,False
moosehyde,False
HSPq,False
cureddit420,False
TheDrRudi,False
Maldek01,False
snektails16,False
random002501,False
AdventurousCoconut14,False
omichandralekha,False
Leaeninglife,False
Journeythrough2001,False
Radiant-Bluejay4194,False
ChickenNuggethehe,False
sauceonthesidedamnnn,False
Dylanrevolutionist48,False
tinkletinklelilshart,False
GodRajinder,False
ramksr,False
Apprehensive_Goal811,False
throwaway12101210_,False
Liberache,False
Flair_Helper,False
Ecstatic-Loquat6073,False
quasar3c_273,False
AmberRain1999,False
DwellingInKaruna,False
cosmic_jimmy,False
AdirondackSmoker,False
Emotional-Safe-9716,False
PurpleMatrix03,False
Competitive-Ninja416,False
Melancholnava,False
Empirical_Spirit,False
Frequent-Tour-4188,False
callyo13,False
Plane_Gain_8443,False
Rare-Owl3205,False
TejasaK,False
Extreme_Employee_595,False
whateveridntcare,False
chakrax,False
icebluefrost,False
corduroyjonesjr,False
inri_inri,False
-reTurn2huMan-,False
pro_crasSn8r,False
_uggh,False
Wheel_Wearer,False
chidoriiii12,False
rudrakshjnku,False
PIKACHUKAPAPA,False
Sexybreachmain,False
mylanguagesaccount,False
Abhi8601,False
ARIESUN1,False
krishkaananasa,False
Vignaraja,False
Ok_Monk219,False
LordR1ck,False
rey_lumen,False
dbkuper,False
KrishNews,False
SeatAble366,False
falconimemem,False
star_lord_76,False
mainhoonkhalnayak,False
Pratham_sharma_54,False
doctor_kubernetes,False
H4D_IN,False
tjmagg,False
pacman2048,False
whyme555555,False
Lemonlaurel,False
aayam_OG,False
rudra97noob97,False
Prestigious-Ad-5461,False
TheBomb-Diggity,False
deezrnuts,False
PeopleLogic1,False
Simple-Cartoonist343,False
ModeratelyHelpfulBot,False
roamer_2,False
kamedyking,False
Bodhi___Dharma,False
ruwgxo,False
PeanutButter818,False
Snow-Jackal,False
New-Acanthocephala58,False
JaiBhole1,False
Sahil_Singh_,False
MilkyMoo27,False
meeshuu,False
Ordinary-Candidate14,False
where-is-sam-today,False
dhawal26p,False
brown9hokage,False
barsun14,False
Good-Seaweed5826,False
spinadiffa,False
faxil62609,False
Sam1515024,False
TupolevPakDaV,False
Mr-_Anonymous,False
harshv007,False
Pjishero,False
Sensitive_Camera2368,False
bornhippie2411,False
Dumuzzi,False
veshsongs,False
Poseidons__Trident,False
Gohandhi,False
Cosmic_Wave_,False
badwifii,False
BullyBukkak69,False
Reasonable_Area_3921,False
Any-Restaurant3935,False
m0h1tkumaar,False
Macabre-Moggy,False
C0nsistentExternal88,False
IslamVirodhi,False
aNumberRoxie,False
Ok_Chocolate_3480,False
Administrative-Use-3,False
Ni-a-ni-a-ni,False
Ash_Divine,False
RealTruth888,False
Prince_Of_Hell001,False
Severe_Composer_9494,False
coolmesser,False
Fresh-Land1105,False
CrazyFia,False
Wild-Escape-2355,False
Benjemim,False
AryanInvader1,False
OutlawHarsh,False
New-Impression1013,False
Relevant_Lynx91,False
hm3105,False
Erebus_Oneiros,False
quitntiq,False
bullseye0-0,False
kalkiwillslayyou,False
1uamrit,False
TheSumMustBe7,False
StrikingLight5,False
Bobby775,False
Expensive_Trouble,False
hnvai,False
KindfulnessLove,False
pianospace37,False
have_another_upvote,False
Specialist-Share7,False
jaredletoinfinity,False
Civilkit,False
Sleeping_Owl_75,False
CricketStriking2454,False
Medium-Photo-9938,False
Indira88,False
rosegoldennight,False
sharmaji_saheb,False
Current-Rub-6946,False
kathitam,False
indiewriting,False
yellamana_devastana,False
F-dapolice-ndyo-mama,False
More_Ad_3657,False
MiscThrowaway108,False
yerbuddowntheroad,False
None,False
Equal-Film7017,False
PsychologicalNewt815,False
closetbatman87,False
kulkdaddy47,False
sprudelnd995,False
spooky_sounds,False
PratikPKulkarni,False
it200219,False
Only_Tea_3763,False
thesheriffdidit,False
PureReplacement2329,False
Harambememes69,False
olivier753,False
SlaversBae,False
Dependent_Feeling,False
Kenny_Brahms,False
Immediate-Bat-9719,False
FLYLIFESTYLE1,False
MergeSurrender,False
dragdietyluard,False
Nando_Mendes,False
Critical_Voice_1211,False
Shylaces,False
Seeker_00860,False
myblasphemouslife,False
NoneOne_,False
traphtrahul,False
AryanDogra,False
thatguywidspecs,False
ganext,False
Captain_Audit,False
Outrageous_Switch700,False
laserpoint,False
lilfoley81,False
dpravartana,False
Fukitol13,False
noahmasonscience117,False
RajuTM,False
Pnmamouf1,False
HybridLighting,False
financial_Blood_17,False
dannysargeant,False
radanddead,False
gyan_guru,False
UrBreathtakinn,False
theolcf,False
pain910,False
supertim124,False
Gazwa_e_Nunnu_Chamdi,False
_lameboy_,False
van_goghsinspiration,False
DiscoStims,False
ahami90,False
dil_se_jethalal,False
SirPinkSoda,False
darkness_thrwaway,False
catvertising,False
Traditional_Pitch_63,False
Worried_Transition_5,False
EmmaiAlvane,False
BedrockBuilder,False
Parthinater,False
hulksmokintrees,False
zantamaduno,False
PomeranianStampede,False
derdonkderd,False
NirbharIndian,False
Practical-Penalty308,False
ZeusTheGodAlmighty,False
Kadakumar,False
shivbhole,False
FurryHunter6942069,False
Overall-Grade-8219,False
Wide-Activity-2383,False
Ok_King7173,False
Sentinalcodm,False
aphexaciiid,False
cestabhi,False
G0_ofy,False
pkers12,False
CommissionLast316,False
ajn8304,False
Wild_Ad_8306,False
hakkabahner,False
nearlybreathlessnik,False
chinzelite,False
Strategy-Individual,False
RJP550,False
Ashamed_Ad_3790,False
JSBNKJM,False
inconspicuosus,False
TheGreatRishabh,False
Acrobatic_Client2622,False
BrownNinja00,False
TairaCapeta03,False
joeytribbiani14,False
Boom5s,False
David_Headley_2008,False
Photonicinduction,False
AyyappaBhakti,False
space_ape71,False
bigdickbiggerheart,False
Redditor_10000000000,False
BshMrym,False
sksiitb,False
Violet624,False
anahatanadaa,False
ProfessionalOne4098,False
empire-of-hotdogs,False
ilej,False
pras_94,False
Flappy343,False
