dgG9KfgCDBEYg94fnQaC,False
IceBreaker_1047,False
YASH_INDUSTRIES,False
PerseusUzumacki,False
firealready,False
manojar,False
plowman_digearth,False
ArianOrange,False
corasan12,False
loseitthrowaway7797,False
FuckThisShit88888,False
Cool_Parfait_3770,False
tarush2006,False
Relative-Dot-3768,False
UltraNemesis,False
ramdev420,False
Last-Ice1231,False
ayush_aky,False
gpgane,False
LICITUSGUTICA,False
Bdr0b0t,False
Kambar,False
Williamsarethebest,False
newinvestor0908,False
BrownWolf999,False
a-lone-wanderer-15,False
f03nix,False
nixieack,False
GutsyGoofy,False
Naren_the_747_pilot,False
zaidmkhot3112,False
Random_Idiotic_Alien,False
m3luha,False
deepfriedvadapav,False
Panzer0m3,False
PervyPanda,False
GodOfArk,False
faizans66,False
riyuk6239,False
Natural-Permission,False
sirforgetalot,False
NagarNigaM,False
AchuJR,False
crazyredditor47,False
shanthu1995,False
_Jethro17_,False
m_u_w_a_h_h_i_d,False
15vanshsharma,False
noobmaster692291,False
VertigoShrimp,False
gubenilekani,False
P0FromKungFuPanda,False
Uncertn_Laaife,False
chacko96,False
Lord_of_codes,False
shadowhuntr,False
maybewhoknowsnotme,False
crepepheromosa,False
beast_within_me,False
HonestPopPopping,False
Le_Machan,False
rajeshbhat_ds,False
Born_Night_8797,False
abhilives,False
Morning_Mitsuki,False
a9entropy2,False
UddishBagri,False
papaMou,False
incredible-mee,False
RedFlagWins,False
Jolly-Order-9015,False
sexsex69420irl,False
Fit_Software_9847,False
adamkhormemna,False
xtraduck,False
RangoDj,False
bangthetank,False
Raniart,False
Ass_Mai_Pain,False
Timely_Reputation_80,False
DiscussionVisible,False
sogoy3,False
mydriase,False
Justaphysicsgeek,False
randomstuff063,False
Erdelesk,False
lazyloiter,False
Sumanthmsthammaya,False
dharti_par_bojh,False
betiBachaoBetiPatao,False
Awkward_sepian,False
milkmochaa,False
CharlieBitMeMf,False
CoconutCracker1234,False
okay74847,False
Phoenix9453,False
AryaNair1,False
swadeshka,False
crazyhyna,False
mainsamayhoon24,False
AutoModerator,False
segfaultbraindumped,False
smoinuddin1110,False
SpringDelight,False
pkbugabo,False
Thunderlord_x,False
accessfault,False
AshwinK0,False
Melon-Musk-420,False
anon83738383,False
ShitWoman,False
anachronox08,False
throwawaydumbpanda,False
PrestigiousZombie531,False
Acrobatic-sloth4322,False
L_Ryuzaki24664518,False
lallamira,False
Devilmay_cry,False
Bukuna3,False
H3llblax,False
No_Fox9998,False
420bO0tyWizard,False
Shitsnoone,False
vshnprsd,False
Standard_Row_3226,False
throwawayroot3,False
Turbo0801,False
basilisk2828,False
ppboi41,False
cosmogli,False
modsbegae,False
_bwayne495_,False
RahulNobel,False
Apprehensive_Arm8465,False
Reigen441,False
rg3930,False
Anonymous_2942005,False
loneinlife,False
bksingh0304,False
Independent_Problem6,False
chetanbali,False
Ark_Angel1520,False
fucking-diabolical15,False
jawbone09,False
Diem10,False
thebaldmaniac,False
Admirable_Finance725,False
ddrteile,False
Maxxed1Ultron,False
horizon1060,False
give100percent,False
stupidcupid112,False
jhatbarabar,False
pop_tik,False
hakkabahner,False
TIFUTHRO2004,False
Romi_Z,False
druggedcloud,False
Aditya1311,False
rajivpsf,False
ZyraHorizon_369,False
newtoRedditF,False
lowflyingkite,False
Puzzled_Fish_2077,False
Highonaura,False
Sea-Shoe-4001,False
Straitjacket_Freedom,False
The90sManchild,False
Ok_Personality_5874,False
ktka,False
ItsSkyD0ge,False
exxentricity,False
Iloveassyay,False
Rrubhu,False
alphadoge375,False
sarthakc225,False
DaLoverBoii,False
Kesakambali,False
Severe_Sweet_862,False
iShivamz,False
Intelligent_Scheme89,False
RedArrow544,False
Practical_Office_166,False
cepoidal,False
Flimsy_Program_8551,False
mrrahulkurup,False
DesiSquidGameWinner,False
oddpho,False
Adorable-Opinion-929,False
prng45,False
darktux,False
letsopenthoselegsup,False
Civil-Comment1639,False
Guilty-Information66,False
retyfraser,False
art3mit,False
nonstop-nonsense,False
sundaysingh11a,False
_nonlinearity,False
_bigS,False
DrunkenWarrior123,False
Jolarpet,False
whatisfishatland,False
kush125289,False
Adityanmoney,False
berozgar_,False
Abhrdas,False
Hamza_Hasan5469,False
chiguy_1,False
Janetss_4,False
Legitimate-Trust9441,False
the_good_bad_dude,False
ppatra,False
SanJunipero1,False
who__else,False
broke_key_striker,False
Complete_Lock_6742,False
Specialist_One_2038,False
AbhiFT,False
asaCreh,False
LearninggMachine,False
jumledaar,False
AdInevitable4203,False
LilHooman,False
Routine_Fuel8006,False
vyom,False
Jonathan__Wick,False
monagandhi,False
kaykhattar,False
sweet_tranquility,False
migma21,False
redditappsuckz,False
fr3akonomic,False
Affectionate_Gate_11,False
check-himu,False
insane_issac,False
Educational-Tip-911,False
tapwater1992,False
honeydoodh,False
SheikhH527,False
GoodHealth01,False
Training_Cucumber_98,False
Horror_Past,False
RanX9,False
i-am-over-eighteen,False
XiModi,False
svmk1987,False
mr_alert_,False
Professional_Age3791,False
puddi_tat,False
akashns,False
rasgulla,False
tenaliramalingadu,False
rjehansubmissions,False
SharpCauliflower1927,False
kickerman21,False
MrAC_4891,False
potatomafia69,False
alteredS,False
manuvns,False
brickmagnet,False
PracticalSimple7661,False
Prabhsimar3,False
NeatDogie,False
adventureseeker1995,False
psyGandhi,False
pMangonut,False
Tushar_007,False
sreevisakh,False
Plant_Parlour,False
laphtrahddis,False
rover-8,False
freenon,False
MysteriousRule6617,False
skvsree,False
lightt77,False
Mayank_j,False
NoLayer7970,False
aidenphoenix,False
sukhi_papdi,False
TYRONE_LOVES_KFC,False
vpsj,False
boondikaladdoo,False
Spandxltd,False
i_love_masaladosa,False
asseesh,False
sandeshg1729,False
_-Kratos-_,False
imagaruna,False
demo_crazy,False
Fetishgeek,False
learnandknow,False
amrit-9037,False
ashwinpalakkal,False
WoozyDragon4018,False
Wise-Revolution8356,False
sentrist,False
CRISPYTOMAT0,False
Hjem_D,False
prodco,False
Lifenotworking,False
Poha_Best_Breakfast,False
Vaibhav314,False
Unable-Low-5448,False
Unique-Atmosphere520,False
kapjain,False
wideomannn,False
TheFutureIM,False
AiyyoIyer,False
chickentikka5000,False
vasu174,False
ankitchauhan32,False
Shikadai_utchiha,False
retarded_memes,False
Mysterious-Ad-6501,False
Ghhoshh,False
Hiraethism,False
AlternativeAd4143,False
Froogler,False
bigbigboring,False
Tk1Genius,False
shinobi163,False
thesvsb,False
deepzpillai,False
Alpha140893,False
WarthogPrestigious,False
kobaasama,False
kushaldb98,False
i2rohan,False
Axylius,False
EffectiveMonitor4596,False
CryptographerMuch363,False
MadTadBit,False
Allah_Jesus,False
desi_deadpool,False
Big_a_zoid11,False
SayanChakroborty,False
GrandmaGotGuns,False
t_rayy,False
BlackWalker24,False
NotADodgyCat,False
madtagg,False
kabirsinghsaini2,False
ViccySD,False
Megavoltage9,False
Public-Ad7309,False
Personal-Ad3015,False
AnuMessi10,False
azrael9557,False
Life-Usual-All-Time,False
sarvesh_s,False
Pristine_Aims_809,False
Maksitaxi,False
smittenss,False
hellofromkaran,False
RedditRushi,False
LynxFinder8,False
shitty_commentator,False
rudrathelion8,False
joeljose1001,False
blazebomb1,False
kemonachhe,False
FabulousSport2632,False
Frustratedengineer93,False
Bundarman,False
rexusindiana,False
bobbyfarrelljr,False
Guilty-Painter-3178,False
WaifuLover7045,False
motorhead1916,False
supamonkey77,False
GovernmentOk2323,False
rkvgtm,False
AggressiveSir4766,False
_theriddle_,False
Broken_Phoenix28,False
figuringoutshit,False
facepalm_69,False
shubhooo1,False
saikrishnasubreddit,False
ashwinGattani,False
VastCryptographer980,False
v00123,False
wromit,False
bluntaf666,False
azam_ilias,False
Luttappi69420,False
Horsemanager,False
tuntun-mausi,False
RichDadPoorBoi,False
Cazzidy007,False
dorrigo_almazin,False
Ok-Performance9747,False
focusrandom,False
SiddhantPM,False
gimme_pineapple,False
CarbonTail,False
inspera_,False
PavleHr,False
Dumping_account,False
Demosthenes_14,False
jmanjibenjy,False
Red_Holla04,False
sukant08,False
Khadmutra,False
fpock,False
urekmazino21,False
Gil-GaladWasBlond,False
duttasaby,False
PixelBLOCK_,False
loki_11290,False
zoro_senpaiii,False
Staphylococcus_au,False
blankchel,False
sudhanshu_sharma,False
_indian_curry,False
idonthavealizard,False
Bannedazz,False
precioustimer,False
regular-jackoff,False
techvivek22,False
britolaf,False
Flaymar-0_0,False
SnooComics9938,False
IrregularUrek,False
aadi_06d,False
alam_muj,False
_Samarjeet,False
The_Heartland,False
angry_neutrino,False
UrineSurgicalStrike,False
_YeAhx_,False
Ayyrimaspi,False
Aware-Debate7738,False
xasmineS,False
raddaya,False
ajatshatru,False
failure_singlemom,False
acoustica10,False
Heyiamsid,False
mrp2611,False
a_seoulite_man,False
Early-Chocolate1279,False
MyleneJenius,False
Rosesh_I_Sarabhai,False
nanrowdi,False
SwamPram,False
iamnycto,False
harddisc,False
goodgod23,False
Prabhi_D_Hinra,False
FinalTap,False
shsjsjajajajajq,False
its-Prince,False
Gauresh_Draws,False
Sweetrelaxation,False
j0keRonPC230p,False
seeyoulateraligator,False
vaibhavganesh,False
OnidaKYGel,False
Someonesometh1ng,False
Dark_voidzz,False
mi_x58,False
Moist-Competition-64,False
cosmosNZ,False
thegodfather0504,False
Choice_Training2838,False
Stealth8,False
julfikar_haque,False
Educational_Lawyer95,False
blasphemousplayer,False
perfect_susanoo,False
Nitrone777,False
HimachalPradeshMod,False
Vemblood7201,False
sukiduki13,False
Jaggi_kun0609,False
wildgoat,False
MyNameisUt,False
meremah_boob,False
fixer_47,False
Deep-Brilliant9064,False
cheviska,False
yauza123,False
boss_bj,False
ConcernedHumanDroid,False
forprofitkiss,False
Hairy_Air,False
pyasa-darinda,False
therealkingpin619,False
iAMA_artist,False
tushars30,False
fishmonger103,False
VidShala,False
Rough_Ebb7798,False
-S-I-D-,False
Knee_Kill_Money_Yen,False
Huge-Physics5491,False
mymomsaidiwasadopted,False
zee-_-x,False
aptly23,False
secure_caramel,False
lemmeUseit,False
Altruistic_Sky1866,False
King__Steel,False
nishantt911,False
Distinct_Swim_6756,False
dove_m_,False
Electrical_Tension,False
skyrimswitcher,False
galaxy_express,False
GL4389,False
livelifereal,False
Wengerreloaded,False
flash12328,False
Upset-Station,False
makinggoodremembered,False
aaha97,False
Labelled,False
Puneet_7669,False
eggypepperoni,False
BuggyBagley,False
theronsharma,False
SimulationCop,False
chisel_pig,False
Not_Vishal_Sharma,False
Sensational-Indian,False
Ataraxia_new,False
elon-ka-bhai,False
caffienedUp,False
shri032,False
wannabegigolo2,False
Groundbreaking-Cat39,False
kochi-kaaran,False
Sharif_el_drago,False
21591,False
hornylaughing,False
rash-head,False
Puzzleheaded-Age-229,False
CuriousStranger95,False
HappinessHappening,False
SnooPies6424,False
GreyPyjamas,False
throwawayfattroni,False
Sanyam04,False
ShowIntentBC,False
Deathblade_311,False
rahmanoIN,False
timetraveler316,False
kacchimitti,False
Local-Independent-23,False
the_executioner007,False
A_random_zy,False
realfuckboy69,False
pervyscholar,False
Suhas_Wildlife,False
AbigassGecko,False
