byaverC,False
No-Proposal4071,False
vipan28rana,False
whddyayoudoing,False
adchait,False
te_watcher,False
thotslayer21600,False
Papercanspeak,False
Rauligan2050,False
god_is_a_pokemon,False
Local-Swing-3803,False
toxicoppressor420,False
ILIKEDOUGHNUTS8,False
MarkThorson,False
deshdrohi20,False
IndianOdin,False
cabinet_minister,False
jinglebass,False
ihVbot,False
ChiAllTheTime,False
Zealousideal-Plane67,False
plsdontban101,False
gggiiitttaaa,False
Express_Instance_853,False
hatchet_blower,False
ChaoticCosmoz,False
meinphirwapasaaagaya,False
calvincat123,False
_-psyduck-_,False
idc_idk6969,False
DidNotTakeATurn,False
Plastic-Season,False
alt1416,False
Ok_Kaleidoscope2340,False
timewaste1235,False
Usernp,False
Ok-Treacle-6615,False
Hot-Independent-7596,False
Navigator369,False
Damnstrung,False
Aifaun,False
LifesPinata,False
Etitw,False
Prudent-Evening-2363,False
Sea_Till9977,False
123_dead,False
MrRabbit7,False
Karwane,False
Asleep_Computer_9860,False
AutoModerator,False
cookiiesaurus,False
Due-Ad5812,False
roydhritiman,False
Decahedral_man,False
SadShitHead,False
Ok-Abies-5812,False
pie-chad,False
benjamin12o,False
theguy2108,False
SaadIsNoice,False
takluu,False
zumbadumbadumdum,False
Comfortable_Ninja_23,False
sogoy3,False
Nevermind_kaola,False
SnooChocolates7123,False
mncka14,False
No_Foundation_6431,False
adrikizer,False
the_myth69,False
Additional-Let-7168,False
ideology_therapist,False
cestabhi,False
SSR_uSSR,False
H3LIOS_25,False
Sorted_BrainCell,False
z3r0_bag,False
harambe_-33,False
CervusHanglu,False
AtheistAsian,False
AnybodyEffective8349,False
MootKaBadlaMoot,False
Lucifer6896,False
Badshah_e_Librandu,False
reignoflords,False
SquatCobblerx,False
crungemuffinsinger,False
daiki_Aoimine,False
wahab-wahab,False
spacecowboy45,False
99deeds,False
Grammar-Bot-Elite,False
Pure_Concentrate8770,False
ToxBot_,False
None,False
luttaapi,False
leon_alexandrov_II,False
pondyan,False
Lazy-Interest-7100,False
Dunmano,False
Yogurt_Slice,False
THE-ULTIMATE-SAVAGE,False
N0rmiehunter88,False
wanderingmind,False
sishirchongtham,False
mugli_ghutti_555_,False
Responsible_Big_8975,False
SarcasmSage,False
DibbuNayak,False
CorruptPoliticn,False
soh_amore,False
rrcp123,False
roohnair,False
ramdev420,False
multicore_manticore,False
Shitsnoone,False
Admirable_Ad_5329,False
BeingOMM,False
_Sebastian_George_,False
overlord_999,False
complacent_adjacent,False
various_persons,False
whoamanshitsfuckedup,False
sanjay9999,False
blunt_analysis,False
urban_raita,False
Moist-Performance-73,False
left_hand_of_sadness,False
Automatic_Classic_31,False
incognito2020s,False
Urban__Naxal,False
dedmercy,False
123mictest,False
Environmental_Ad_387,False
Abhimri,False
CorneliusTheIdolator,False
PersonalityLivid3215,False
Someonesometh1ng,False
ManyNefariousness792,False
Ryandock16,False
themartian314159,False
Ok_Durian_3015,False
Head_Persimmon_6368,False
akkisshrodingerspine,False
Officialvedantbansod,False
AIRedzone,False
JammuAurkashmir,False
-Richa,False
womb_raider_420,False
DaRPok2007,False
LittleOneInANutshell,False
kumbhakaran,False
NeedForMadnessAuto,False
Ad-Astra2310,False
SquirellsInMyPants,False
rudraaksh24,False
ComprehensivePoem427,False
satviksoni_,False
Majestic_Repair_1560,False
Busy_Economy_4999,False
CillverB,False
shoaibali619,False
yagyaxt1068,False
SnooOnions4206,False
sharia-bisexualism,False
Nostradamus_Polly301,False
bhaagbhai,False
IAmAWasteOfMatter,False
blorgon7211,False
marderapc,False
DepressedICTfan,False
Ok_Application_2077,False
Adept-Cherry9250,False
Superb_Day6274,False
smuggler69A,False
kundu42,False
Direct_Reception9478,False
Trouble1nParadise,False
FunImagination4238,False
MotherHat9116,False
ThrowRAs1m,False
awesomask,False
PANPIZZAisawesome,False
Potential-Cheek-9789,False
antique-inspector690,False
ooniii_chan,False
ApocalypseYay,False
PM_MeYourBack,False
sadankhari,False
AustrianPanda,False
Shot-Border2094,False
Hopeful-Repair-844,False
No_Caterpillar7135,False
Unable-Lemon-1234,False
shit_hashira,False
SharonzHere,False
HyperionRed,False
edarmocYuri,False
sum_it_kothari,False
Suspicious-Ant4557,False
Bojackartless,False
BigBrotato,False
plowman_digearth,False
gutka_dinesh,False
lostcauseforlogic,False
distractogenesis,False
mouthbreatherfan,False
BihariGuy,False
frustated_citizen,False
curiosityVeil,False
Better-Solution-7410,False
haermamora,False
Sea-War-4513,False
Significant_goldDust,False
Wulfric_Leon,False
Rippaahh,False
Mysterious_Run_659,False
Reigen441,False
31_hierophanto,False
Weak_Construction_85,False
Passerby_Bypasser,False
AdikadiAdipen,False
peepeecollector,False
Attila_ze_fun,False
supsuphomies,False
kundunium,False
Dangerous_Age_8106,False
Ukki_miao,False
phantom_97,False
Max_Planck01,False
ronaldodlegend,False
eatandreddit,False
Despotic-Tyrant,False
Babybroda69,False
NatvoAlterice,False
soap_muncher,False
Green_Ingenuity_4921,False
unn_iton,False
Veg-Biryani-97,False
niksdankbc,False
d0aflamingo,False
Recent_Discussion_11,False
Prestigious-Map-8906,False
Mbouttoendthisman,False
lollypop44445,False
azam_ilias,False
ak_897,False
Weak_Fan_3748,False
totalsports1,False
mace_guy,False
thymellon,False
wizard_vardhan,False
Referpotter,False
subhasish10,False
Strong-Scene-8851,False
Humble-Muffin-4756,False
Anurag1208,False
SaladinTheNinth,False
indxb_164,False
ungabunga609,False
nandu_sabka_bandhoo,False
Ani1618_IN,False
ksharanam,False
SGR888SAXENA,False
asaCreh,False
Important-Jacket-69,False
GorillaFighter1,False
jjaaayy,False
HaziAafrid,False
SquareRootOfNegativ1,False
yash-kushwaha22,False
platinumgus18,False
DrGanja97,False
GreedyBerry,False
RevolutionaryPoet16,False
binario85,False
he_depressed,False
bannedSnoo,False
thereal_noir,False
Broad-Comb5571,False
Leo2000Immortal,False
AwareLiving3670,False
Golden_Rule_rules,False
Vaderson66,False
hasan98209,False
Academic-Example7442,False
420ind,False
steeel2011,False
Barmanji,False
saiko1993,False
No-Contribution5503,False
Middle-Edge9885,False
Alternative-Heat-854,False
redkoicarp,False
tsoi_lives,False
ZNOY2002,False
shitzngiggles77,False
Fahad1012,False
rishabh1804,False
maverick54050,False
Cold_Biscotti2522,False
shouldntbehere_153,False
Worldisoyster,False
Longjumping-Mode1300,False
addictedtocontext,False
Common_Ad2609,False
methdotrandom,False
baljeetviper,False
SodaYoda420,False
commie_ittehad786,False
Soyabkun,False
Green-Commission7808,False
TheOGJammiesNegro,False
Shybuth0rny,False
averageuniform,False
musicrhythmfury,False
perfect_susanoo,False
XeroXfromRiften,False
ChannelSpecial4620,False
bhendibazar,False
DickPenisBJHJ69420,False
Alamgir1444,False
4typical,False
pussychod,False
PatienceHere,False
The_Horny_Indian,False
No-Assignment7129,False
darkness_thrwaway,False
Wrong6666,False
Intellectual_45,False
Mysterious_Math_6412,False
sust_murga,False
FollowingThat7317,False
Spinosaurus-729,False
DarthSreepa,False
BhelWala,False
FaithlessnessSilly18,False
faizans66,False
intoTheStarrryNight,False
Rising_Redstone,False
kaushalovich,False
1337haxcor,False
RoughSmile5594,False
Careless_Whisker_,False
faizanun,False
Opposite_Bluebird466,False
PrestigiousBid7464,False
The_Flash_1011,False
Certain-Conclusion95,False
Public-Ad7309,False
geekgodzeus,False
CrackerTrapper,False
lit_meth,False
Few-Ostrich-6286,False
Celibate_Zeus,False
Starry_Horizon18,False
InspectionPretend990,False
AvJ164,False
Mozart2211,False
Nanotyrannus111,False
darktux,False
seirin_fight,False
ParentsAreNotGod,False
No_Leg_39,False
Sure_Reindeer_1224,False
Stunning_Message_,False
ketdagr8,False
NotMadeForReddit,False
MetaRaj,False
silverfolk,False
cirrata,False
DJ98ACE,False
sili09,False
Criduchat1,False
keralawala,False
Davidminefield,False
moderate_iq,False
nichea,False
altafmubarak,False
Romi_Z,False
the_sharma_aman,False
rouliac,False
Sherlock_Bean,False
Codename-Misfit,False
valtoosh,False
aashish2137,False
United-Bar-7530,False
StrictEducation9886,False
The_Alexander_3141,False
probingoduke,False
loki_11290,False
Careful-Pollution-34,False
Unlucky-Hat-5670,False
WordyPlayer40,False
Indominosaurus,False
BUfFaLO_BiL,False
gabrielleraul,False
Sarkhana,False
elfangor_,False
eating_frenzy,False
jobless_nom,False
schrodinger978,False
GodOfArk,False
shaheenbaaz,False
attentionsurplus636,False
Manas_1903,False
kratos2795,False
SeaworthinessLeast39,False
meta_moon,False
Tugguzz,False
Last-Ice1231,False
Will_Senior,False
brickriver2,False
CarobAltruistic9224,False
i_am_who_knocks,False
_____Vendetta_____,False
AcademicAlarm8254,False
LickLickLigma,False
a-new-rag,False
Ok_Win_2265,False
BuckToothCasanovi,False
AdmirableOrdinary834,False
_surpriced_pikachu__,False
chromaniac,False
lebowhiskey,False
bulls1256,False
Puzzleheaded-Fix-930,False
autotldr,False
foryouthrowaway1222,False
DarrKeAageJeetHai,False
Successful_Ad_5344,False
Ok-Effort-2990,False
wakin_disaster,False
avengers_endlame,False
rr27680,False
rvtsazap,False
zilchhope,False
RunSuspicious9038,False
Salt_Albatross_6463,False
humpty_dumty,False
boinkyboobs,False
Goonerman420,False
shibainu02,False
Requirement_Level,False
eatingishealthy,False
ThinkFoot,False
Voidgobblin,False
Qwertz275_,False
2-3-4-3-2,False
Vivid-Split5678,False
XpRienzo,False
dwightsrus,False
Captain_D_Buggy,False
IveWastedMyLifeAgain,False
techgeek1216,False
solartiger11,False
Significant-Nature70,False
Past_One4928,False
thepinkunderpants,False
_bonda,False
ss_221,False
booega,False
MutedPaper3664,False
HorizonBeyond22,False
menace_AK,False
rawr_o_o,False
Mangifera__indica,False
memberemember,False
Due-Statement-8711,False
jeerabiscuit,False
RossManPirate,False
gabmon66,False
agent-demise,False
Jaishankar22,False
butter_chicken69,False
code_man_aj,False
spraxers,False
Po1nt1ess0,False
theharpretsingh,False
Dontbestupiandargue,False
frzx1,False
JackSparrow116,False
HateBoredom,False
LazyMagus,False
Pontokyo,False
abhinex,False
Jolarpet,False
amrit-9037,False
alexrhonda,False
real_gourav,False
hauntin,False
bubbling_under,False
ageggeuejrjdvcb,False
WoozyDragon4018,False
Silver_Tip6455,False
Jaded_Click9591,False
KapClaw,False
Best_Egg9109,False
UrGoneConcept,False
BetterCallXavi,False
soozie_,False
no1bullshitguy,False
SaxonMasi,False
the_dank_otaku,False
samfisher999,False
GlitteringAd4882,False
Terimummykadalaal,False
cncrndctzn2,False
Bruce-Lannister,False
Educational_Sleep_59,False
yeayem,False
k1ngflsh,False
boozefella,False
Straitjacket_Freedom,False
Particular-Meet-6623,False
FingerSelect769,False
NotReally_UserName,False
Chupacabraisfake,False
creativextacy,False
TelevisionMoney,False
No_Personality_6141,False
dr137,False
Snookiee1,False
redditappsuckz,False
Tsuki-Rabbit,False
rigid_monkey,False
Professional_Cat_298,False
HappyDeparture9547,False
typicalsandman,False
dxb_productionBAE,False
MindFlayer09,False
idrather_be_dead,False
scratch_yo_corolla,False
GetTheGanjaBabyInLA,False
bastardsword2D,False
YellowMan1988,False
Pashoomba,False
Delta231,False
the_qwerty_guy,False
lazyloiter,False
Inevitable-Coffee78,False
Competitive-Food-837,False
GirishPai,False
sentrist,False
paninee,False
king_of_lunds,False
No-Wolf-3244,False
Fair_Wrongdoer_310,False
No-Gap-7769,False
NewMeNewWorld,False
jawbone09,False
zhawadya,False
Freewheelingtoday,False
vidhayakJI,False
andii74,False
Rosesh_I_Sarabhai,False
f03nix,False
cosmogli,False
desicule,False
Napoleon_but_taller,False
jygawali,False
BigFrigginShit,False
Glittering_Reveal124,False
Dizzy_One3336,False
chetanbali,False
Godsbenediction13,False
dxx7202,False
Plus-Focus4750,False
toughgetsgoing,False
Spandxltd,False
Chootiyapa,False
Dangerous-Tangelo,False
svmk1987,False
MaskedManiac92,False
river_by_bed,False
Dishankdayal,False
thippesh7,False
mrwadupwadup,False
Full-Tea1719,False
Economy-Lychee-2284,False
Wrong_Molasses2861,False
FloatingFalakura,False
Fourstrokeperro,False
anshul2625,False
Electrical_Tension,False
Scary_Trouble,False
little-bean-124,False
OkraApprehensive4678,False
javapyscript,False
Lashviper,False
dontknow_anything,False
emergency_exit_door,False
pyasa-darinda,False
-mouth4war-,False
DryDemand4267,False
SeaworthinessSlow578,False
chulbulachoubey,False
mined_it,False
raunak51299,False
heyjayk,False
wannabegigolo2,False
Slade73,False
machetehands,False
Nirbhik,False
MakingCareerMoves,False
ThatTamilDude,False
lifeversace,False
manojahi77,False
I-Jobless,False
Shoddy-Knowledge-857,False
Moringa_soup,False
sharkpeid,False
jane_dane,False
TheBenevolentTitan,False
Own_Werewolf_6575,False
RiseofMaharaj,False
orus,False
Boring_Newspaper_376,False
stuartLittle24,False
Educational_Fig_2213,False
Open_Ad_3242,False
ENDER_a,False
DeathvRaider,False
researchkit,False
SupportSuch2147,False
thatsInAName,False
Legal_Tennis167,False
Routine_Pack,False
__DraGooN_,False
Nishanth_Reddy27,False
According_Garden462,False
Msink,False
xDouble-A-Batteriesx,False
forzaggmuhalamadrid,False
durianboy19,False
0hdae5u,False
cskfanforever,False
Ramoyamac,False
AnxiousBlock,False
getfuckedhoayoucunts,False
james_lafleur2,False
some_lame_name_,False
SignificanceLong1913,False
balance-sheet,False
GAAND_mein_DANDA,False
ABahRunt,False
Always-Daydreaming,False
Financial_Ratio5758,False
godsunderpants,False
PixelBLOCK_,False
Foreign_Pace_531,False
RudeDaddy,False
cineman195,False
EpicDankMaster,False
antxkingxmeruem,False
pxm7,False
kalia_piisha,False
Prionski,False
Tangy_Lead,False
sickingajay,False
kyunahi,False
zia_la,False
SgtKaushik,False
oddpho,False
DefiantDeviantArt,False
__dkp7__,False
PepperOne1740,False
VedNot,False
its-Prince,False
linkage777,False
quackquackkkkkk,False
dotreborn,False
simarjeetnagpal,False
themuffinhead27,False
IceBear5321,False
i_drink_bleach_69,False
sawucomin18,False
Nice_Associate_1489,False
AdministrationSad224,False
OkElk5385,False
prankored,False
weekweeka,False
lal-mohan,False
alv0694,False
Environmental-Eye-90,False
Morrnii,False
swamyrara,False
fartypenis,False
danyal_ahmed,False
Kv_v,False
rsa1,False
Junaid_kh,False
Khooni_Murga,False
parshantpanwar,False
LogicalIllustrator,False
konkey-mong,False
justabofh,False
the_bugs_bunny,False
smoinuddin1110,False
Friendly-Ad-2523,False
urge_kiya_hai,False
hydiBiryani,False
m_eight_,False
Dush_Propoganda,False
exxentricity,False
viksi,False
jiyajaale,False
Wasdqwertyuiopasdfgh,False
red_jd93,False
swetha17,False
_cool_shital_,False
Hostel_Hall,False
Big_Simple_1782,False
LordoftheFaff,False
justabombayguyy,False
Kambar,False
CarbonTail,False
DetectiveOwn6606,False
swagger-op,False
Abso1utelyRad,False
Jumpy-Pepper-5839,False
MahaanInsaan,False
Fufa_G,False
izerotwo,False
Mapegz,False
Sidroid02,False
VisibleAd6767,False
ShasX,False
kavish_008,False
psychonautpk,False
Iamt1aa,False
scotch2202,False
Ded-Futiya,False
peppermanfries,False
Burpeeman365,False
OkHighlight9039,False
Disastrous-Ring123,False
Prestigious_Dare7734,False
mefor_president,False
LingonberryCertain55,False
mangomaster6969,False
Babykinnsxoxo,False
amNoSaint,False
ADITYA290804,False
destined_death,False
EmotionsUnfiltered,False
Av18theBloodyAtheist,False
Unfair-Humor-8694,False
ParrotS37,False
AbhinavAires,False
PiSakura,False
ElectronicTangerine6,False
Adiyogi_,False
AlastorMoody34,False
ElitePenisCrusher,False
WINDTHEAIR,False
Cold_Ad_426,False
NotTheAbhi,False
Something_Rog,False
iluvgots,False
Slitted,False
VIRAT_KOHLI_71,False
nationsahil,False
my_name_is_rag,False
Live-Badger7204,False
pinnocio_well,False
klksfna,False
Pristine_Aims_809,False
krakends,False
Few_Satisfaction_473,False
priths3,False
big_richards_here,False
Areyouliving11,False
tafun,False
mrAnmol,False
_BeyondEverything_,False
simple-living-1011,False
low_ego_no_deficits,False
Previous_Bath3792,False
Poppygloria_69,False
v4vedanta,False
heS_weiRd,False
MGRoad,False
beard__hunter,False
Tech_No_Bot,False
hlyons_astro,False
YaboiGobbels,False
twerking_pokemon,False
thshhehhehheh,False
maddy2011,False
Fearless-Building-85,False
GoldenTouch5454,False
ZombiesLikeCookies,False
crasshumor,False
mastertape,False
Mannsaab6996,False
somspecial,False
rose_teinte16,False
hc_6,False
qXi4GJ9bPS3,False
kicopie,False
Throwawaytosellbike,False
DarthGrowl,False
Lasersandtacos212,False
deadfoolspool,False
alok_iz_here,False
SSinghal_03,False
deku-kage,False
awkward_pause_,False
prachuprachu,False
Hot_Introduction_666,False
samalingikmanush,False
squeakyvolcano,False
hello_sailor56,False
parvesh69,False
Jaydeep_001,False
fierze16,False
eternalhero123,False
ANGSHUMANDHAR,False
PerceptionRude6351,False
fromIND,False
HonorFighter,False
darklegend001,False
gibu_georg3,False
3am_poet,False
Cool_Inevitable9957,False
pee_pee_poo_poo_24,False
kapjain,False
time_rare_eternal,False
philosophucker88,False
dolittle4u,False
zaplinaki,False
Captain_Banana_pants,False
MegaPlus0000,False
sucidesingh,False
whalesarecool14,False
bsousa717,False
Bravevine,False
nimbutimbu,False
creepsmeout29,False
Asleep_Self5603,False
sudden_dust,False
JoeRoooooooooot,False
CompetitiveSherbert7,False
thrSedec44070maksup,False
Charming-Pain2839,False
Proper_Counter_6869,False
DesiPanther,False
GrizzyLizz,False
deepsmooch69,False
jeffdorimanslze,False
PM_FOR_COMPLIMENTS_,False
TSM_Kraken,False
basalaka,False
d4rthSp33dios,False
VeterinarianSea3054,False
nickdonhelm,False
LiveIncome,False
hoenest_opinion,False
yumyumfarts,False
Chaudhary25,False
wargofheaven,False
Dapper_Importance341,False
deeznoobs16,False
SnooRadishes7630,False
hipporama,False
Efficient-Wrangler69,False
MaNaSDeo_,False
danested,False
mashihuzz5,False
ichigokurasaki1,False
Jo17seph,False
East_City_2381,False
Glad_Acanthisitta_76,False
aldinikun,False
inb4redditIPO,False
sugathakumaran,False
Acceptable-Noise-623,False
Naren_the_747_pilot,False
Gamezordd,False
drk2099,False
Aryan0420,False
Spare_Asparagus5069,False
FLYING_DESI,False
dr_kasi,False
Apart_Question_9736,False
BesraSangram,False
Revolutionary_Cat_72,False
No-Base-5010,False
just_bored_human,False
ShredderCr,False
HogRider_is_NoSkill,False
huey_was_here,False
QuantityNo2214,False
Electrical_Stress441,False
warlock707,False
Throwawaytostudy,False
Specialist-Farm4704,False
milktankslover,False
netizen21,False
Economy-Vanilla-967,False
Bhola421,False
littlegreenballoon,False
thathachill,False
all_in_lowercase,False
Shiroyasha90,False
Ok-Ingenuity-1057,False
Brilliant_Comfort_82,False
badthanoos,False
khatarnakamitabh,False
TheFoodieBoy,False
UPseChurayaHuaLemon,False
timesarewasting,False
allrounder799,False
Top_Wrangler932,False
TheSilentVik,False
Relative-Dot-3768,False
AjaxUKfan,False
mistresslust69,False
ClerkEquivalent2005,False
dumnaya,False
cr0m3t,False
tomcat1011,False
standtomyright,False
fibonyancci,False
Cynaren,False
masala_mayhem,False
Professional-Book-21,False
FaZeSmasH,False
dustmist,False
euphorikant,False
julien_of_madagascar,False
ApprehensiveCream284,False
Aggravating_Taste821,False
PhilosophyScary7048,False
kull09,False
iShivamz,False
dogebyte,False
Dhiru_,False
ItsQuackingGood,False
serLundry,False
hisprivateloft,False
noxx1234567,False
DeJuris,False
smash_invisible,False
lance_klusener,False
kakaarottt,False
Gandhipuk,False
Just_another_surfer,False
antriksh_80,False
eggsandrawr,False
SaimanSaid,False
H4CK3R_018,False
SnooPineapples23,False
CompetitionMassive69,False
Ali_Buniyadi,False
Current_Platypus624,False
Patient-Ad-425,False
Stick_According,False
Hungry_Deer3414,False
GearPleasant7521,False
VINSON_TUSCANO09,False
ksumesh431,False
NecotineSloth,False
Godettee,False
RestNo7351,False
kcloneisehere,False
CheckQuick,False
Fullsn_55,False
WaifuLover7045,False
_toxic_me,False
guyDvoice,False
Singhojas,False
c-monMouth,False
noobmasternoob69,False
Ok-Translator-477,False
Mr-rajuraftogi,False
ninanca,False
ImmortalFrog69,False
PerspectiveTop2296,False
verIshortname,False
Icy_Adhesiveness9450,False
Savings-Bench9811,False
quirkydude_,False
chutiyon-ka-police,False
pavan-2020,False
akhl_as,False
AffectionateGolf2517,False
edmsavedme,False
Historical_NoOne,False
iamthebose887,False
TheGreat999IND,False
No-Wear-4856,False
Tarun48,False
crime_mastergogo007,False
timothy1495,False
Deez_nutz_inyo_mouth,False
No-Humor1304,False
bhishmagaming,False
aasboiii,False
coderish,False
Royal_priest,False
NormieRedditUser2004,False
Spirited_Ad4908,False
Romical17,False
Mikasaaaau,False
Wise_Figure_,False
Luttappi69420,False
Mummyology,False
AdCapital9754,False
ploushill_Atrang,False
Beautiful-Beach3531,False
This_Bullfrog8122,False
daddy-sensei,False
Harami-Insaan,False
Apex006,False
09-Bruh,False
Anydar2003,False
sakshamenough,False
thatsafactehh,False
bhargavwv,False
sage-of-six-path,False
drenemy_237,False
Ill-Indication-3926,False
KingShivam06,False
Vedanshu_Normie,False
Pure_Kaleidoscope_14,False
god_walks,False
Harsh_T_,False
Feisty-Geologist-873,False
Klutzy_Potato1025,False
yassh_h,False
LawdaSur42069,False
sacdac112,False
Chalchemist,False
Ill_Introduction6148,False
Samarth9,False
nkj94,False
17_yr_o_nibba,False
xyzwww123,False
Glum-Concern18,False
Hot_Afternoon_8674,False
ryuk17717,False
MycologistWeird6993,False
Aiyo_ranjnianna,False
MM-Chunchunmaru,False
Living-Key-1523,False
TechiesLilPlayground,False
SilverDragon10,False
ProfessionalAncient4,False
GUCCIxSH0CKWAVE,False
Initial-Bee6345,False
theprogressivedude,False
Potential-Sport-6386,False
Lion_heart-06,False
klboc,False
NaN_i,False
Adventurous_Pay109,False
Random_Idiotic_Alien,False
CruelKratos,False
theboogeyman__,False
Private3240,False
Bballisticpp,False
Dual-gaming,False
ayuuxxh,False
IngenuityImportant33,False
daddylonglegs_69420,False
SneakySolo,False
Sherlockian_221,False
Every_Ad3312,False
dankknight699,False
The9yearold4705,False
Final-Sample-,False
ArnabRaha,False
moliko171,False
Yogiii_Ghansu,False
Fyou690,False
HC_Verma,False
_februharry,False
hagemarl2u,False
WDG4KJM,False
sam_3205,False
Mysterious-Idea7421,False
weird_duckling_69,False
gadhwaligamer,False
Zascayr,False
Lonely_SandWich2,False
HugePP15,False
Chilly-777,False
Forsaken-Promotion-5,False
nick_nile,False
SaM_0508,False
CapableExternal4626,False
beesly07,False
No-Administration99,False
DEEP666805,False
rakii6,False
RetardedSan,False
Hexo_Micron,False
Swastikphadke,False
bountyhunter205,False
bsdk69fu,False
Ashutoast27,False
UnphunnyCribge,False
IndividualOne6307,False
DesperateStuff771,False
Lieutenant_890,False
Thane-kar,False
Shut-in-Abyss,False
Sachin0P,False
Low-Mushroom-181,False
NoobMaster_420__69,False
Noeljino,False
Raging_Aura365,False
OmPudurkar,False
Even_Job5274,False
MarionberryWest2946,False
TheSpiritualSkeptic,False
AMEiNZ,False
Not_A-Pedophile_,False
LEV_KUN,False
Lopsided-Data-2699,False
PISTOLLI,False
Sweet_Pension_4806,False
fak3eer,False
peace____,False
ParasKadyan,False
Legal_Procedure7253,False
Agitated_Cult7621,False
peterthefuckingpan,False
Norminder,False
Sufficient-Winner425,False
san2005,False
Blaze_Venom-_-,False
Leather-Mango5813,False
Anonymously2018,False
Mr_Presisdent,False
Own_Historian_7009,False
toointrovertps,False
MaxWaxTusor,False
UselessJJ,False
Intelligent_Bake3928,False
SpinachDull288,False
Your___FBI__Agent,False
bloatedjinn,False
Maleficent-Ad8867,False
Its_jay1,False
Interesting_Trash_70,False
MerDoc1999,False
ExtremelyYT,False
SalamanderBhai,False
Limp-Pear199,False
ateyourgrandmaa,False
beastlol71,False
Prince_Vegeta_1010,False
shubh_unkwown1910,False
Extension-Ad1753,False
Jacked_Sparrow22,False
Mysterious_Hope1485,False
LEGITKINGPIN,False
SwiftBuzzard,False
Last-Ad7702,False
Zealousideal-Luck756,False
Electrical_River_985,False
Responsible_Bulla,False
elonmusk6215,False
Fit_Turn_9101,False
ComfortableAd5304,False
Hrishi_2005,False
BluntBrain69,False
haha_memur87,False
ALOOFQUAIL,False
harsh-0002,False
GlitteringNatural566,False
Arrrmatey4510,False
No-Neighborhood1013,False
vishnu4144,False
HedgefundHunter,False
Username-checked-0ut,False
Gamer-kid_1,False
OrionPax7_7_7,False
Equivalent-Layer-332,False
Educational-Flow1883,False
OkFirefighter5684,False
Human-Break4551,False
what_heck_is_sarcasm,False
RAGERKROKSTOW,False
Muted-Bar-2975,False
holkagekakashi,False
Antique-Ask9857,False
Rana_-ji,False
Dino-Fucker-69420,False
ThePushKee,False
Life_Investment7465,False
piscary_perry_troll,False
shen_o_ritta,False
BackgroundWallaby532,False
vivek_singh_,False
Parking_Tangelo_798,False
9ighteye,False
Easy-Ad-2587,False
Madara_Uchiha_223,False
PhilosopherOk7735,False
Rare_Run3627,False
Eka_silicon12,False
Toofani_Gamer,False
SonicAkshay_26,False
darxh,False
Random_name123098,False
RickGrimesislove,False
An1ke8,False
Naive_Hedgehog_1551,False
LordFreiza0098,False
bckamalfooktahaisala,False
DarshanYadav59,False
Heavy_weeb69,False
Crystalisedorb,False
Ayupro2005,False
ak93plyzer,False
SeriousLeopard1602,False
plazmaPirate007,False
Bin_X_zy,False
Moist-Chapter-2978,False
Potential-Credit703,False
Overall-Hornet5811,False
LeMatYT,False
Evening-Journalist-5,False
YashvardhanBKG,False
ChaitanyaJo,False
vintage_nachos4,False
Master_Of_Gaming3410,False
MemeMinati12,False
tlb7781,False
Stephnoshy,False
Any_River1960,False
r0ar-InG_,False
New_Conference_7361,False
GreenMangoE,False
legendorywarrior,False
Ghostkill221,False
dfnoid27,False
RevolutionaryDare231,False
Present_Sample_3299,False
prasid_,False
Parv1121,False
_Nik069,False
WesternExit2986,False
Extra_Interaction423,False
FrequentSleep3937,False
mindyourbusinessguys,False
DeltaFunYT,False
Expensive-Entry8595,False
NabAnuj,False
notfunnyalex,False
Haise_koffee_8494,False
Much-Community8457,False
Uzumaki_Naruto_02,False
Suspicious-Nobody-05,False
Deadly9190,False
GTSBUDDY07,False
Redux_Eve6907,False
SeRn9921,False
therapist223,False
FUTUREDOC1114,False
AssistantTrick7874,False
wasteman_vansh,False
Primus_SPS,False
adiboyxyz,False
eatergoat,False
Royallightfj,False
darshil_chouhan,False
K_Singh08,False
consider_me_a_frnd,False
Realme-6i,False
TemporaryBank7646,False
OverallNovel3223,False
prxnav_,False
XDR_KNIGHT,False
GamingStories,False
horny_indian_boy,False
fireblizzard_,False
class_topper,False
WorldLife-John,False
crrSeeny,False
Odd-Imagination-5709,False
ReigenBOT,False
Alfaz164,False
No-Station8968,False
69_SAITAMA_69,False
Accurate-Egg-5816,False
DARKBEAST04,False
hypersri,False
RazerRishabh,False
lakshyayad,False
reso_topper,False
WoodpeckerNo5971,False
golem_biggy,False
goldbloodgamer,False
Zealousideal-Ad-8753,False
Anwesh_Bhattacharya,False
Samarjit_Roy,False
aniruddha_6969,False
Rich-Educator-4513,False
Subject_Dark_1,False
Ok-Radio5262,False
Grand-Extent-6052,False
Infamous-Elephant832,False
chickenwingspasta,False
Not_Quick_Regular,False
Busy_Distribution296,False
Dear_Entrepreneur904,False
AryanSingh1304,False
MysteriousLight8952,False
_dankmemer69,False
kakashi69696969,False
EntrepreneurSame7950,False
Chomuprasad,False
Pranav_444_,False
Vauji,False
Popular_Pangolin_,False
Freako04,False
fresh_blood_82,False
Rare-Cellist-6152,False
NightHawkv7,False
fullmetalmedico,False
oneshot1102,False
True_Balance2669,False
Icy-Librarian-7688,False
dr_brucebanner2,False
Ayushrl,False
JSR-BMKJ07,False
Future-War-732,False
imk1332,False
dopped_with_joy,False
Ok-Crazy-5611,False
infinity_op_,False
confidentray28,False
SLAYERWorking92,False
jOhN_c0dEr,False
rantdubey,False
Low-Green377,False
Prajjwalpretends,False
SahilWalker,False
XD-Avedis-AD,False
localnexalite,False
bforbbs,False
Willing-Day-6409,False
Additional_Phase9292,False
Organic_Factor_8356,False
Chain_Mysterious,False
kunj89,False
speciallyInternation,False
Ankit_kdk,False
GamerDeepesh,False
vic_grig,False
Iwll_BeBack,False
goat_fucker_1,False
noobmasteriiiiiiii69,False
Sadbitch-__-,False
laksh2504,False
rudeusaf,False
TooBluMan_YT,False
AVRONILHtech,False
pokemon-edible-hai,False
spicythreat08,False
DEADSHOT3219,False
Gotifod,False
Pewds_Forever_21,False
surgereaper,False
poooosyslayer68,False
Regalia_BanshEe,False
Less_Link_5449,False
Intrepid_Property696,False
Objective_Demand3076,False
DyingBeing1,False
Tarun619,False
keshavgKaLLen_Bhaiya,False
AayushSharma84,False
tand02,False
Gullible_Squash9962,False
Ancient-Royal8791,False
InternetFapper,False
Traditional_Cut_2241,False
Weirdkid2134,False
INVINSSIBLE,False
deepesh6969,False
reachikjot,False
PsychologicalHumor10,False
taimur_kareena,False
Toxic-JAGUAR,False
Im_Savvage,False
bunny_1010,False
ASHUKAACCOUNT,False
Creepydhruv,False
Acceptable-Bee5191,False
blade_breaker_,False
Xavier_479,False
Ok_You_17,False
Justaaredditor42069,False
Kraittt,False
_mr_Professor,False
Ok-Nefariousness1050,False
GaMeBoyDev,False
Nacho_manav,False
yourmumspussycat,False
AuntyNashnal,False
neoindianx,False
gubenilekani,False
golu_281105,False
Fullerene00,False
Calvinhath,False
ShubhamManna,False
eyeron_man,False
CrudaakaShreyas,False
shreyash-singh,False
Alternative-Cut-4831,False
clementine-1017,False
bluehole2657,False
WanderingSoul6900,False
Neat_Artist_996,False
v0x-m0narch,False
ydcharles15,False
abs17mar,False
hulkut,False
bitanshu,False
homeless_memer,False
aflawedspirit,False
Vinces_Fantasy,False
icicibank,False
Specialist_Theory_43,False
WearyManufacturer860,False
SussyBaka7622,False
k_pineapple7,False
TylerDurden1505,False
LifeComfortable6454,False
Famous_Ad1326,False
eshanb95,False
urhenahcahc,False
NoonjaPanda2,False
AlternativeAd4756,False
savevideobot,False
iamparbonaaa,False
sicparvismagna369,False
SaveVideo,False
depressionsucks29,False
Cherchull,False
Strange_Solution1103,False
babyyoda2k20-1,False
LilFingaz,False
KaladinAshryver,False
noobie_explorer_101,False
devilcross2,False
LordSaumya,False
Remote_History_1483,False
okq85,False
maayepoojari,False
dragoncraft9855,False
turma_sito,False
delhibuoy,False
KNIDERIA,False
namey_mcnameson,False
itachi_uchiha97,False
ssebastian364,False
TIME______TRAVELER,False
eagle__11,False
Disastrous_Culture14,False
mohak_soni,False
Professional-Will-19,False
CELTICPRIME,False
cjs2k_032,False
flyingSavage,False
Spiritual-Ad-1709,False
NoFuture355,False
fingolfd,False
_thakkali,False
deaceofspade,False
GenRuckus,False
argon_palladium,False
sumanthkulkarni,False
Lonely-Suggestion-85,False
RhyaanB,False
xxRocRipxx,False
Princess_Death,False
PerseusZeus,False
Bdr0b0t,False
d5aqoep,False
Expensive_Leopard_89,False
throwawayroot3,False
KingRanx,False
ganga_gp,False
_Cow__,False
EmperorPenguinReddit,False
EmergencyMarzipan997,False
_howard_wolowitz,False
GavinBelson3077,False
pranavChandarrr,False
Noivern09,False
Zadracker,False
reine2212,False
Calm_Imagination000,False
lazy_fella,False
brokebaritone,False
bigbigboring,False
C_2000,False
Loooongmann,False
Sensitive_Camera2368,False
Shadymellow,False
BagalBoi420,False
notsogreatredditor,False
gauravsharma0808,False
Medium-Photo-9938,False
royal_dorp,False
lastuser_1,False
SargeLausageCream,False
Ecstatic_Pin_2858,False
Mean-Growth7457,False
amitnagpal1985,False
Acceptable_Novel8200,False
penguin_chacha,False
SomeRandomguy_28,False
Spicy_Indian_Shit,False
Mystery_Shrey,False
MrYoshirin,False
PC_Ara-ara,False
markelonn,False
TrulyLegitUnicorn,False
Ronkinng,False
MahaRaja_Ryan,False
raosahabreddits,False
Sea-Row-1790,False
SuicidalTorrent,False
apoorv_mc,False
baadditor,False
Impressive-Republic4,False
pratham_10,False
Demon_zeRef,False
ChumbaWambah,False
Antique_Lord15,False
drdeep0701,False
hewhomustnotbefound,False
cardiacbadge48,False
shreeshamokhashi,False
Puzzleheaded_Ad_9427,False
RandomDude6699,False
Odd-Reaction-8980,False
awkward2amazing,False
RissTheGodstream,False
Pheonixeye_1,False
Cautious_Cloud_455,False
lucifer-_-senpai,False
darthgera,False
_vvs_2005_,False
CryptedBit,False
aditya_7726,False
theesmaarkhan,False
mystiquemystic,False
minato3421,False
Durg3sh27,False
bikunoob,False
gryffindorgodric,False
Ok_Needleworker169,False
vishwa02,False
Batman9688,False
backinredd,False
c1rinq,False
Loose-Profession-734,False
naarakoodhimagan,False
gloriousdumbo,False
dev171,False
WorldClassShart,False
AdlerEule,False
MadOgh_DarKcaRnaGe,False
RedditMP4Bot,False
redddc25,False
RepresentativeGlum91,False
lazy-man_34,False
prof_devilsadvocate,False
Mayank_j,False
Mademan84,False
everyfcknameistakn,False
bhardwaj_sir,False
BakaTaco007,False
Depressed_koel,False
horse_shake566,False
Awake--,False
Psychological-Many16,False
pragawaga,False
Lucky_Editor446,False
Lullan_senpai,False
ShadowLegend444,False
leon_nerd,False
frostedline,False
shawarma_enjoyer,False
Bocack,False
Registered-Nurse,False
asherman19,False
Dry-Communication901,False
DioTheSuperiorWaifu,False
arun_san98,False
babunambootiti,False
Aick_Aleck,False
Radiant_Review_3748,False
sakhavk,False
ClockDue8298,False
ottakam,False
Content_Virus_8813,False
pavananmspkd,False
theb00kmancometh,False
everyrickhasamorty,False
Dwightshruute,False
Rich-Philosophy7235,False
LordEntropy420,False
al-myran,False
its_me_007,False
Frequent_Software_60,False
AdHistorical3451,False
filifgottem,False
undampori,False
cosmicbutch2,False
realaccidentalgenius,False
buddhayata,False
Appie_Hippie,False
bshachek_1,False
shortstork_,False
anunkeptbeard,False
Appropriate_Table_,False
Alternative-Gap-1592,False
DeusSapien,False
anishkalankan,False
BlueMangoTrees,False
D0ODU,False
zii25589,False
augur_1346,False
suckerfish3,False
illiadan17,False
anyagraha_jeevi,False
Moist_Boysenberry_51,False
Perfekt-purple,False
Global_Werewolf2225,False
devasiaachayan,False
M24TYSON,False
AleksiB1,False
advintro,False
sjozhuma,False
techsavyboy,False
Al_Thayo-Ali,False
whatthengaisthis,False
Leading-Painter9549,False
Melodic-Guarantee893,False
despod,False
threesandwichandtea,False
Jerski2002,False
worklatehours,False
OlivierWolfe,False
Impossible-Sector-90,False
cosmic-sailor,False
buck___buck,False
devblixt_,False
PepsiColaMirinda,False
jnr_mathe,False
theju39,False
cache1902,False
Own_Woodpecker_1314,False
Hakuna7matata,False
spectrumframed,False
sarathua,False
doppio_sim,False
Left-Moment-3686,False
Senior_Mind,False
danker_man,False
Dr_Samuel_Hayden,False
RadRoofus,False
PesAddict8,False
noobgamer888,False
Astronaut_Free,False
mlilith,False
alucard_og,False
cafehearty,False
Culthero1993,False
11September1973,False
kuttoos,False
saltysailor987,False
Digambaran_,False
3dHvfx,False
Creepy_Box2184,False
AwesomeAkash47,False
ThatRandomGamerMan97,False
BeligaPadela,False
monsonmavunkal,False
break_alll_laws,False
kingkillerpursuivant,False
not_a_popular_Guy,False
testedtrout69,False
amdzines,False
that-69guy,False
nish007,False
resist_as_i_can,False
akhilgeothom,False
0ld130y,False
VIZZZZNU,False
Kzhkd235,False
e_karma,False
thehunchback19,False
NSNReddit,False
Crazy_Building,False
deostroll,False
kobaasama,False
dafuqULoKINat,False
Wengerreloaded,False
finalodabeer,False
fafa_fan,False
rockzjv,False
Rain_Southern,False
r0gue_planet,False
n8hawkx,False
deepakt65,False
MonkeyInKSRTC,False
Affectionate_Ruin303,False
SignalTradition5293,False
InfiniteRub7136,False
Cyndik8,False
Felis_1,False
Amazuber,False
Naive_Adeptness8720,False
dpahoe,False
ojlenga,False
jxxpm,False
sunijucad_hitbts,False
De_immortalesloki,False
CallMoi,False
ArunG89224,False
VaikomViking,False
upscaspi,False
Substantial-Ad-3295,False
phantomflick,False
moderator_chettan,False
Aggressive_Buy_8978,False
philomenashalet,False
biscuits_n_wafers,False
Do_You_Remember_2020,False
vkadan,False
xDARKESTx,False
battlestar_commander,False
stealthcraft22,False
droningmephit0,False
winterisleaking,False
Salty-Ad1607,False
ANN_FELIX_07,False
shirokukuchasen,False
dbosman,False
materdoc,False
Danirog575,False
Averageredditor2022,False
Illustrious_Cry_5275,False
abijathakv,False
Vektor_005,False
chocblok,False
Accomplished-Tie6331,False
Disastrous-Big2834,False
dagp89,False
prakitmasala,False
Apprehensive-Shake59,False
DOVALIST,False
VJC_007,False
IICastawayII,False
_Phoenix90,False
thomasgeorge8082,False
Pinbacker7,False
sreekumarkv,False
greenmarigold,False
plackan,False
whip0already_read-it,False
Pizzasoccer,False
edibles1996,False
WeebSerJer,False
PM_titties_mam,False
TheSaine,False
RepulsiveCoyote2491,False
urcatoverlord,False
Visible_Resist1282,False
ReallyDevil,False
hammerneck0,False
SharPewy,False
AnderThorngage,False
NithinKriz,False
StrikingSky6698,False
terrain-memory,False
Wocks2554,False
outfromtheshadow,False
Ek_Chutki_Sindoor,False
trust_me_im_engineer,False
freefallerguy,False
longpostshitpost,False
IndianRedditor88,False
Rookievader91,False
Important-Ad3733,False
rj1879,False
meme_god12345,False
random_comment_12,False
antonv93,False
YashRTR,False
em_kurian,False
Emergency-Bid-8346,False
inquisitor_918,False
Altruistic-Bid-3707,False
vivekm_17,False
demigodxy,False
Scary_Letterhead_439,False
acid9burn,False
No_Macaron_5113,False
RMeshKim,False
72proudvirgins,False
CtoI_Singapore,False
twiltywilty,False
kamikaze_kumquat,False
BenignBullet,False
Balalsangaveeran,False
4k3R,False
SpecialistReward1775,False
skeletonflower66,False
Lazy-Hawk-2509,False
milkymist00,False
DenseProgrammer4265,False
SyzygySeven,False
blackbeltkunjappu,False
shivanshashish212,False
LordReiden,False
Zero_Disk,False
KinggArthurr,False
mynameisnotlisted,False
slicedspirit,False
EquivalentGur1223,False
Some-Owl8834,False
Aggravating-Bee1555,False
toxicbrew,False
thirumali,False
Ghastlytoohot,False
Trigyesh,False
rhythmofloveUwU,False
vellaliking,False
joomi002,False
AcanthisittaPale1055,False
GeneralKuttappan,False
dmohanan,False
Sufficient_Try_5770,False
nimin2503,False
viperpaul22,False
LazerSnipes,False
Latter_Ad5697,False
soul_stone98,False
Charming_History7423,False
Diabolic619,False
Pappadum-Kuttan,False
shitanon,False
stealthninjacat,False
Icy_0n,False
esteppan89,False
ImmortalMermade,False
AdriaN_46,False
witcher-77,False
rambochackochan,False
y_all_need_JESUS,False
r-o-n-n,False
frog_enby1001,False
Sachith_rdit,False
AbrahamPan,False
Happy_kunjuz,False
Nenonator,False
heartandhymn,False
rockus,False
Comfortable-Desk4586,False
rey_lumen,False
p_ltergeist8,False
bladewidth,False
Particular_Garbage32,False
curiosity_forever,False
ashish_n,False
obligatoryusername98,False
schoolhasended1,False
Katappa076,False
FrancisIttikkora,False
thearcheress,False
New_Captain2978,False
god__speed_,False
DeniAr1,False
saprotropy,False
PUN15H3R96,False
BeneficialEngineer32,False
DumbGuy5005,False
RevilTS,False
Legal-Philosopher-53,False
not_aswathy_achu,False
xennialien,False
Ok_Butterfly_8831,False
masalion,False
TheGalaxial,False
antarcticmoon420,False
somecallmemrWiggles,False
suarezian,False
Anamika76,False
Only_Banana4999,False
Vtotherescue,False
random_mallu_6789,False
haversine7797,False
globetrotterEngineer,False
Wierdpanda,False
max_is_name,False
prathickr,False
yous1mps,False
SignificanceLatter,False
Shoddy-Location670,False
nrj_nrndrn,False
Guilty_Half370,False
rsbanoop,False
Excellent-Captain-54,False
NewgenGun89,False
Black_Swan1984,False
SayanMandal9,False
lostinsamaya,False
Intelligent_Boss4766,False
Pure-Translator8607,False
Spygogamer,False
foxy499,False
galaxy_kerala,False
TalmudicRabbi,False
Desperate_Season_296,False
Spiritual-Cut4642,False
silver_conch,False
asifps16,False
Crafty_Battle7119,False
CopyNothing,False
udckumari,False
No-Egg-4850,False
Fast_Bus_2065,False
vadakkus,False
rhassank,False
Prestigious-Cheetah6,False
Zereuel,False
anirudh_62,False
idrw10,False
geovasanctusunus,False
vgn96186,False
cigartsar,False
Shlingaplinga,False
More-Creme4609,False
Surfsvk,False
Hooded_enigma,False
silent_jsj,False
Flat_Pianist_1808,False
AdLoud4616,False
iamfromshire,False
SatynMalanaphy,False
supervazha08,False
creekson,False
rmbrndtinmotion,False
Mr__AM,False
the_one_percenter,False
curiosacuriosi,False
Dangerous_You_9148,False
Suspicious-Brad-1980,False
The_drify,False
potatobroxd2,False
cjair,False
theanxiousnerd,False
-Awaari-,False
Trashverse,False
arjunkoroth,False
GivingIsTheBestGift,False
Albatross_1987,False
giganato,False
euler-leonhard,False
kena938,False
nba-player,False
messy_1998,False
ThatSlothDuchess,False
kochapi,False
PatientOne3053,False
NaKehoonSeBair,False
Opposite_Image_2174,False
Last-Trash4261,False
No_Sentence_8749,False
zuselegacy,False
gaotmilk,False
numberfortyrain,False
g-mode,False
vijjer,False
bobyseb_bs,False
Randy-E5,False
vellathilaashan,False
Awakened_phoenix,False
saneer160bps,False
bleepbleepboot,False
BigTailor7509,False
X_remexz_X,False
ronpmat,False
Ithu-njaaanalla,False
IshkaPt,False
dexter755900,False
Protector_of_Gotham,False
jeevn,False
Proper-Equal4185,False
jishnuen,False
Economist-Pale,False
jyamahan,False
NoraEmiE,False
As_winS,False
cant_bother_me,False
SteakMinimum,False
innerpeace512,False
ay8788,False
kunjava,False
Ok-Active-4240,False
shaji_pappan__,False
ajiabs,False
Notty_PriNcE,False
CryptographerFit5604,False
Splitinfynity,False
anishths,False
AdReasonable7858,False
Ronin_bitches,False
ss4223,False
Mysterious_Count8560,False
Longjumping-Age753,False
irfan2015,False
Anjit0454,False
arckine,False
Cautious_Chapter5925,False
Broke_as_a_Bat,False
popeculture,False
celestialkid23,False
Last-Conversation383,False
AkHiLDGR8,False
kannichorayilathavan,False
dude1x2,False
inkredditable,False
Nallavanaaya_unni,False
oursblanc1,False
disguisedmallu,False
kc_kamakazi,False
JakeDaniels585,False
ajithulla,False
tommyct614,False
enthuvadey,False
Federal_Strategy2370,False
fattiest_batman,False
Sad_Material_5226,False
rel2k3,False
mbG65,False
Tess_James,False
Moist_Initiative_251,False
kazak1998,False
atheistkrishna_47,False
binga001,False
QuoteProfessional796,False
twitterStatus_Bot,False
sid753,False
Vatman27,False
amluchon,False
Ashi96,False
urmomsoug,False
darsh2k02,False
ProbabilisticPotato,False
TensionMedium9279,False
RheumatoidEpilepsy,False
CASHLEMON09027,False
Le_Minimalizier,False
snookso,False
kaiser_cabbage,False
harsha_uni,False
Iamkaustubh,False
deletedhistorytway,False
Run_the_Line,False
systemd-bloat,False
Sodapie87,False
throwaway42028,False
Orange-Gamer20,False
FlatBoobsLover,False
horizon1060,False
Successful-Bee-440,False
Catechu123,False
singh_kumar,False
stray_dog_14,False
allstae,False
REALISMONPEAK,False
Local-Story-449,False
violentassasin,False
purrhesia,False
InfamousAtmosphere35,False
adminxolo123,False
indichomu,False
GlorygloryEA69_,False
Dangerous_Kick7873,False
HeX-Gaming,False
binkl-182,False
immortal5050,False
arre_yaar,False
Biryani-Man69,False
pheonix9001,False
influxofcoochie,False
plejadischer_tanz,False
tera_teesra_baap,False
Clickbaiting_4_u,False
SandyB92,False
_Pinginthenorth_,False
idipanshu,False
ta201608,False
chota-bhim,False
Quartzzzz,False
froodcake,False
CHANkhakha,False
CuriousAku,False
Fine_Economist_5321,False
CommercialFew6299,False
pps96,False
mediocre-teen,False
Enum1,False
No_Introduction_2021,False
Fulcinnamonroll,False
Jaggi_kun0609,False
Shivam294,False
sexyBhaktardu,False
AdExtension955,False
Historical_Hand_8213,False
that1-_guy,False
bikbar1,False
investing_kid,False
GitFinda,False
Potential_Nose_3373,False
secondhand_bra,False
PeaceMaker_6969,False
Strixsir,False
monica_omydarling,False
doggiedick,False
Dark_Ruler,False
AintNoGamerBoy,False
disha_1143,False
alteredS,False
footballer285,False
vishaldparmar87,False
account_for_norm,False
Parktrundler,False
MaiNhi_Bataunga,False
suckmydukhpls,False
kokofeshis,False
Inevitable_Sand_6250,False
Dharmatologist,False
amanxyz13,False
ProOnion,False
akshay_maymay,False
pearlalexsays,False
Confident-Ad7599,False
Big_Albatross_4085,False
hissnspit,False
browsingnstuff,False
itsalreadyXXIcentury,False
IveGotQuestionPorno,False
malkanharsh,False
kurisa_makise,False
AedynBlayse,False
RantRantandRant,False
ashar133,False
pillaiboy,False
terminatethedevil,False
th3_pund1t,False
nonstop-nonsense,False
hispeedimagins,False
Sonu_Chikna,False
Own-Tourist-1479,False
tpzck,False
DrFromThe6,False
coinman88,False
DarkBlazeFlare,False
Abhishek_gg,False
freddledgruntbugly,False
Pure-Bet3206,False
thekingminn,False
ygala,False
free_speach_or_ban,False
Aggressive_Ad_9173,False
Horny_kadipatta,False
SSDARA49,False
Kav19,False
Twisted_Calls,False
LuckyDisplay3,False
4thtimeacharm,False
hokie86,False
insomniaccapricorn,False
Longjumping-Gas-2011,False
_fatcheetah,False
Lord_of_The_Steak,False
Spirited-Concert-345,False
alphaBEE_1,False
Hg1703,False
Traditional_Yam_3858,False
BadAssKnight,False
himanshu2_0o,False
FatRagingGamer,False
gurugulab6969,False
deniceovich,False
SemiSage93,False
001000110000111,False
yamanthatsme,False
chrisso2,False
rishik4,False
darkknight304,False
Horror_Primary_4405,False
itsrubnillug,False
Samezio_3,False
o_LUCIFER_o,False
madaphuka,False
BudgetMarionberry144,False
tolkord,False
Ok-Date-1711,False
Such-Mathematician86,False
komandl,False
A-Delonix-Regia,False
Melodic_Obligation69,False
captainrekt1995,False
zoot1,False
Wonderful-Mountain46,False
Willing_Chemist8272,False
WittyLingonberry6232,False
AdPrize7057,False
Outside-Action4757,False
bottlegreenblue,False
shivamconan101,False
AbhilashHP,False
peaceout90,False
sielysee,False
abhilives,False
SnooRecipes1192,False
Sad_Discount8077,False
SSpotatoman,False
Grenadier_123,False
-ChennaiCityGangsta-,False
abhijeetjohn,False
Successful-Item1231,False
TheSadPo3t,False
Pebble_in_my_toes,False
Cheap_Personality_24,False
Fresno7,False
Jujhar_Singh,False
muscularleanelephant,False
AmountFirst,False
Altruistic_Gas_5649,False
hempbagclassic,False
sarcrastinator,False
Cheetah_sperm_1999,False
Spirited-Regret-4557,False
Hanis16,False
DankRevolutionBaba,False
Alternative_Fox3828,False
RunAwayWithCRJ,False
thelonesomeguy,False
TimusReborn,False
Mystery_Forever,False
Effective-Victory906,False
Pleasantcustomer27,False
nic_nom,False
smart_disappointment,False
zycot95,False
nishantm_04,False
Sweetrelaxation,False
romeorajpoot800,False
0-KrAnTZ-0,False
chiguy_1,False
scholeszz,False
Mage6679,False
Kinda_novice,False
Snowy9690,False
winstonpartell,False
Panic-Theatre,False
boss_daddy51,False
edwardmetalwing,False
TheDressedSadhu,False
ColdBadger2798,False
ab_11,False
Mayhem747,False
Uncertn_Laaife,False
mighty_raju,False
TheRadiantAxe,False
WarlordTejas,False
melayaraja,False
drigamcu,False
ThePhilosopherCat,False
Bhatoora_,False
BlueDinBlr,False
sidk,False
Dkeralite,False
masterveerappan,False
smmoke,False
RelevantProject4151,False
deodartree,False
meanderingMaverick,False
rkvgtm,False
MOHIBisOTAKU,False
TruthIsOutThere66,False
Th3_gr8t,False
rockersmp3,False
Galaxaeus,False
lord_dankest,False
Poker5ace,False
Pristine_Tear_7079,False
Johny1408,False
Labelled,False
My_comment_is_factz,False
just_some_ANALyst,False
ini0n,False
barunh,False
VapidCanary,False
Dense_Button_3658,False
marginalslutsky,False
rocketmallu,False
Whymsodumb,False
bufgix32,False
retro_dream_,False
chaoticji,False
Inner_Plan_3242,False
Sahil-Desu,False
abcde12345fghij,False
datawarrior123,False
Thick-Papaya752,False
th-grt-gtsby,False
vgodara,False
XAEA29,False
unhappy_munky,False
Hot_Bee2591,False
boosandy,False
Tk1Genius,False
noir_dx,False
Svtahajdjd,False
Sharp-Highlight-9563,False
nou_kar,False
Doctorcumpatient,False
shabspace,False
Aditya2664,False
AAAKKKKIIIINNNNGGG,False
AGullibleperson,False
edavana,False
_Cyborg_1208_,False
jpowstools,False
soysux,False
charavaka,False
LegalTable5791,False
shiviam,False
Annual__Procedure,False
themkt,False
roasterminator,False
thirunelvelihalwa,False
SsquareB,False
urulaikilangu,False
CheeseMountain213,False
Time-Classroom-2442,False
Empty_Regret6345,False
vpsj,False
seeunseenoel,False
SatanSon_GodFather,False
idgitAhole,False
shuttlems,False
backwatered,False
lttle_fires,False
_tokuchi,False
yellowclothing,False
The_0bserver,False
Distinct_Blueberry,False
w1ldcraft,False
Kalidas007,False
ritikacaeiro,False
alien_potatoe,False
redditreadur,False
VeliVoy,False
RaccoonMalady,False
jahanara15,False
4rindam,False
IntraspeciesFever,False
No_Joke_9079,False
shank0205,False
SeriousJuan,False
aumzob,False
bojackedwhoresman,False
gopnikchapri,False
easy_umbrage,False
MeatMyBeat69420,False
the_good_bad_dude,False
charismaticEVIL,False
corona_veer,False
tekashi6ix9i,False
rinthecity,False
Dapper-Blackberry907,False
mxd-xtc,False
bkrdwitt,False
quad_max,False
holyhitler,False
ayhayhay,False
JadeStoneHeart,False
Pulf_r,False
redpasserine,False
No_Locksmith4570,False
gotnotendies,False
Reasonable-Score7895,False
ok_i_am_that_guy,False
sane-wolverine,False
anwerable-to-none,False
tired_of_smiling,False
NyctoCuriosity,False
Agitated_Fold3906,False
ravneetteio,False
geedhora,False
Organic_Macaroon_178,False
Costsaver99,False
sanskarmsharma,False
DolundDrumph,False
looped10,False
TheRetrowave,False
Accousiveguy,False
RagingTop,False
underdog620,False
yoyo3693,False
TheShiningSoul,False
ResponsibilityOk9913,False
Academic-Abies,False
SunaPana007,False
Pitiful_Proof_2981,False
throwback656,False
Puzzleheaded_Noise83,False
whatireallyam,False
santz007,False
SIPian1,False
NotThatLebowski1,False
let_us_clrs,False
harami_nagin,False
Deadboy619,False
vinsuper,False
raidenmaiden,False
thefO_okupkiD,False
rameez2p,False
rahulthewall,False
39816561,False
rajmdalvi,False
Prince0nion,False
Vyomnaut0bot,False
drtmnry,False
Guru_Yoda,False
boringhistoryfan,False
UX41,False
prabharg,False
maneater6shooter,False
aDarkRedJungle,False
kraasikco,False
Scared-Ad-3900,False
Sir_explain_a_lot,False
Tucyred,False
Apprehensive_Job4632,False
gimme_pineapple,False
According_Aide7622,False
baawri_kathputli,False
ok_yah_sure,False
thatashu,False
muhmeinchut69,False
1withnoname,False
Educational_Car_8053,False
donisgreat,False
frenchfriesdestroyer,False
BikerTales,False
clonengineer,False
TheOfficialCal,False
tanay2043,False
BuggyBagley,False
NagarNigaM,False
1_lyf,False
invincible_arc,False
mike_testing,False
propeller360,False
Amathgirl,False
yehbikgayehaigormint,False
Altruistic_Arm_2777,False
sheth_curry,False
Opposite_Way8167,False
Shakaahaari,False
Zealousideal-Sell-98,False
rg3930,False
SentenceHot2525,False
Far-Meat8607,False
quiescent_7_,False
drowsy_damad,False
Gensys09,False
coldheart2480,False
liketogossipsometime,False
geniusandy87,False
Banoftheundead,False
jedetin,False
lilnav851,False
Mhapsekar,False
brickmagnet,False
Self_Impossible,False
trashbinn-exe,False
Organtrefficker,False
Logically_Speaking,False
flight_1901,False
TryOk6383,False
Messi_is_football,False
canufeelthe1,False
Leetcoder20,False
ktka,False
SlightResponsibility,False
EggplantAshamed4761,False
pifflepine,False
Injmamulhaque,False
rehan_27,False
SeaDepartment6373,False
Technical_Goal_3675,False
singh1975sanjiv,False
gibtle,False
No_Flatworm_6084,False
Purple_Pineapple_752,False
notasimp_1,False
WPackN2,False
networkengg,False
Panda-768,False
TheGameOfClones,False
1ndrid_c0ld,False
PERFECTIZSHIT,False
karman103,False
24Gameplay_,False
words_gone_wild,False
vitunhullut,False
No-Loan3611,False
aluaties,False
soamjena,False
gtbtp,False
MumbaiReturned,False
kungfuGrad,False
geopoliticsdude,False
IndPolCom,False
skie1994,False
asseesh,False
shaktisingh_bro,False
rsbs117,False
InteractionOpening20,False
Greedy_Sign_440,False
SafeAd7486,False
_P_I_X_E_L_,False
AlmightyTurbo,False
FigurePleasant6115,False
kashli42,False
Illustrious_Demand37,False
yourmoneyoryour_life,False
RogueBeyonder,False
Skrex2006,False
Vast-Caterpillar-263,False
Unhappy_Spinach_6765,False
StandardRanger12,False
kaleidoscopic_follow,False
Ok-Presentation2972,False
eLafda,False
General-Advance-9268,False
huzefamalikk,False
_vaiishh_,False
MuhammadHusayn,False
Anshulkau,False
RjDpro15,False
senpaix-exe,False
sachdeva_navya576,False
CasperinTreeHouse,False
Default_Username___,False
-Shashank-,False
Mother_Cell_7128,False
Agreeable-Pain-939,False
bitchlasagna_69_,False
bobs_and_vegana17,False
jetpackarts,False
PREM_12,False
meme_monster-69,False
MetaphoricWeeb,False
SenArtist28,False
Anime-Inspector9999,False
scandle77,False
ChrupeG,False
_bharat,False
ron_2002,False
Ishaan77381,False
sanskaar_singh_,False
Downtown-Resolve2036,False
Rudrapriya_Chauhan,False
KingslayerDG,False
Lulam-khan-786,False
nothingpersonalkidd,False
Ambitious-Customer33,False
Salikkadanda,False
mikemessiah,False
Aavash38,False
aryan_GG,False
pervert-kunuWu,False
ANIKET_UPADHYAY,False
Mysterious-Number-44,False
Available-Cucumber-6,False
Youknowme_100,False
Traditional_Day_3649,False
Dark_Avenger_69,False
Specific_Process7047,False
Awesomeex_Gaming,False
immortal_captain,False
master_524,False
Avinash_Paryani,False
Weekly_Mixture3082,False
Glum_Spot_5591,False
AyushGaming136,False
NightSlasherOP,False
nimesh_k,False
AyoDonnie1729,False
passion_is_love373,False
ArjitTheNoob,False
ImKakarot511,False
daluniconquer_oca,False
Shoveleater,False
Avneesh_yadav,False
Cultural-Fan-1944,False
leonidaskickedyoface,False
Gullible-Regret8636,False
DRAXdestroyer1291555,False
cool_instinct,False
Dank_e_donkey,False
ODELL_LOPES1250Y,False
Siddharth_0009,False
Ok-Panda0702,False
lightlord,False
HippoNebula,False
Sea_Mail_2026,False
ShivohumShivohum,False
AbysmalMonke,False
Cultural_Station7513,False
CanniBal1320,False
Isoldarkman,False
Kashish_17,False
B10HAZD,False
_ayushp_,False
Swiper345,False
dhanrajb,False
Mindless-Pilot-Chef,False
ProfessionGood6478,False
Dry-Jellyfish-3908,False
sanu29,False
cloudwalker_98,False
Unusual_Questions_1,False
abeeshst,False
Loud_Paramedic_4346,False
meetoo788,False
sage_k_7,False
OldPop8567,False
ResponsiblePresent97,False
Bulky_Mortgage_9978,False
Wolfpanther767,False
kira920,False
Mavdrick_7090,False
albeinstein,False
idk-_-XD,False
-DeM-oN,False
Melodic-Fold9673,False
Beneficial_Reason271,False
FartboySlim,False
Obvguy,False
Kunjambu-Thatchowski,False
Accomplished_Arm6691,False
raju_666,False
dosaoveridli,False
alan_lal03,False
dr-cringe,False
haikusbot,False
atgoldfield,False
Ittoopan,False
Aromatic-Tomato2230,False
chengannur,False
bijut2009,False
DipuDinesh,False
April_3rd,False
ambadi-93,False
scavbh,False
LeaveMoist,False
arappottan,False
developerworks777,False
toby_pie,False
noisetrik,False
NOTniknitro,False
lifealilfuckedup,False
dahabit,False
Sea_Branch_3678,False
KundiKumaran,False
Illustrious-Case-117,False
OwnJello6721,False
BecomingaBrick,False
captspok,False
chankaranSettan,False
Canadiannewcomer,False
bomerckan,False
Odd_Garage3297,False
sugarhaute,False
321akram123,False
jxx37,False
mallu0987,False
ItsDSD,False
asl_kaizoku29,False
ralnair,False
Pschedelix_Man,False
Rhepsi,False
calimalayali,False
Schurniverse_,False
quisshole,False
Vnisha_V,False
meqsad,False
googl3me,False
Kocheemachan,False
Athishayanismyhero,False
Direct-Donut2746,False
Addy1738,False
Iceberg098,False
Ok_Tune_4214,False
Expert_Shirt_1926,False
Early_Ad7085,False
kunjumadackan,False
trusfrated2030,False
Samsafar,False
roonilwazlib1919,False
xoco54296,False
thelostbird,False
groundhogD1,False
hasibrock,False
MinimumAccurate,False
gokuSaiyaji,False
MiaOh,False
officecomputer_1,False
mike9870,False
solarplug,False
allamacalledcarl,False
vidukriss,False
pjacobvarghese,False
Legitimate_Income279,False
goonerish_,False
Dry-Elephant-8041,False
Optimal_Ad8979,False
Operation_Suspicious,False
Preference_Prudent,False
silmental,False
-plomo_O_plomo-,False
Equivalent-Banana-43,False
AJDuke3,False
NerdDogg,False
saisketches,False
cupskirani,False
forkicks-,False
CallSignSandy,False
chrissabu28,False
Puzzleheaded-Bass-93,False
dustin_harrison,False
_Someone_from_Pala_,False
MadNad97,False
sadhunath,False
thesimpsonianmuseum,False
lornyalex,False
Skullcastgaming,False
backslash_scribe,False
chadthor123,False
Allapichamollakka,False
Aggressive-Grocery33,False
Theta-Chad_99,False
nintechachan,False
Uxie_mesprit,False
Toothmage,False
Acclaim99,False
jonnie__,False
Accomplished_Entry84,False
ZealousidealLook5839,False
Fearless_Net9656,False
Punyalan,False
concatination,False
architect_mediocre,False
arunstalin,False
mrs_robpatt,False
Raven1104,False
Single_Foundation_21,False
TAUTANT,False
acciocharm,False
findwho,False
jackoat56,False
Longjumping_Act6756,False
Efficient-Rice3866,False
Global-Acanthaceae82,False
fuji_tora_,False
Bheemasenan,False
dontalkaboutpoland,False
Allseeingsneakiboi,False
CandaceJoeLigma,False
lordluciferhimself,False
aswwwin,False
momsspagetti87,False
raptr005,False
babyleafsmom,False
BudhiJeevi,False
Next-Hovercraft6073,False
abhijith030,False
hojirozame_,False
Magestylord,False
joijoseph,False
saleel1o_o1,False
pr1m347,False
tor5822,False
Ok-Guitar1176,False
Heavy_Town_3378,False
Lead_farmer93,False
absentin_spring,False
redit4ak,False
Johnginji009,False
rudrax-,False
Suspicious-Witch,False
fadeftw,False
ahmedkaif,False
why_even_try_lmao,False
Desperate-Bake-6557,False
noobmaster6420,False
VerumMyran,False
kevin_l_m,False
GiridharA31,False
hereforthetalents,False
320GT,False
Redditerjr,False
Legalyillegal,False
Lucifer2311,False
KarmaDude147,False
retrorocket080,False
BathroomStandard2105,False
Rickybgmi,False
alshan6,False
happy_buff,False
short_n_ugly,False
MightPlus7217,False
Visthebeast,False
Chemical-Ad-8723,False
Lost-Cartoonist-6834,False
postgeographic,False
Terrible_Offer_4980,False
Soothran,False
eternal-hoptimist,False
notvip,False
sepiatone_,False
Thomshan911,False
Waste-Development198,False
Conscious_Ad_6572,False
rothschildkidding,False
K0llam_fury,False
thefstory,False
Skdboss,False
tb9551,False
nangstagigga,False
sicksikh2,False
Potatosv1,False
funkeshwarnath,False
thescarface5567,False
whookayyyuwuu,False
deepzpillai,False
cosmic_dust09,False
overthinker_kitty,False
sh1vansh,False
Cake-Murderer69,False
acetrainer03,False
newinvestor0908,False
A_ManCorporation,False
Siuuu_later,False
clickOKplease,False
userwithwisdom,False
Creative_Personality,False
ZeMercBoy_25dominant,False
LotusHeals,False
adi_0333333,False
captainnucleya,False
Xamrock1,False
Happy_Evening-123,False
utmstudent100,False
TetaGama,False
Ser_DuncanTheTall,False
frozr777,False
XBoredBuddyX,False
OnceawisemansaidFuck,False
Sad-Potato4467,False
aswinrulez,False
salluks,False
appleofmyowneye,False
no_duh_sherlock,False
goinginsane0,False
dubbledD9,False
Advanced_Emotion_176,False
Affectionate_Smile,False
arnav_ahuja_9999,False
scooby_speaks,False
Mittalmailbox,False
sagarsharma2424,False
Think_Anywhere_5603,False
iamabundant14321,False
soulfulpunch,False
ProofBeautiful6562,False
Hefty_Tear_5604,False
PissFool,False
Phoenix9453,False
Tondamandino,False
Affectionate_Ad8247,False
NeedToExplore_,False
AnthonyGonsalvez,False
Myuseris1979,False
Siddchat,False
Ok_Ninja_3910,False
PikabhI007,False
introverthunbhai,False
dyson_sphere2,False
JackingIsntBad,False
shourya6588,False
Eastern-Emotion9685,False
TheSussiestBakaAlive,False
JustforThrowawayKEK,False
VASINATION,False
Professional_Math_92,False
Sportnoob_19,False
TOB_Yt,False
DevilXtrigGer_82,False
No-Programmer1075,False
AdHot751,False
CBFanz,False
RequirementJunior854,False
Yazin_111,False
Uno-reverse-69420,False
OldCaligula,False
frankyg42,False
ANAGH76,False
Ok-Charity-6708,False
gattsu99,False
HHDodoTheEight,False
lonewalkers1,False
peyote589,False
parlejibiscoot,False
mithoon18,False
toothbrus_h,False
ahagotcha2,False
nomadLore,False
RedBlackHot,False
IngloBlasto,False
LazyBedsheet,False
themalayaliboy,False
karinthandan,False
Ok_Lengthiness_9504,False
PhantomOfTheNopera,False
shazam2068,False
VaginalMatrix,False
poliopolo,False
Don_Diego_Berna,False
aarav4587,False
AnonymousHuntsmaN,False
plainteeguy,False
AnuragMS,False
hitman77787,False
andy-154,False
ghosharnab00,False
ioksanely,False
SilentCardiologist51,False
PersonalSoil360,False
IvorHarding-117,False
unholy_seeker,False
beejak,False
therealsid12,False
Unable-Low-5448,False
Public_Degree_1055,False
webdevop,False
OMDB-PiLoT,False
iwilltravel,False
Wide_Sheepherder4989,False
Varocious_char,False
zturtle,False
curious_asmat,False
kanishkmax,False
FewExtreme3201,False
Significant_Ad_4547,False
Hungrynerd90,False
lawanda123,False
Anakulosmos,False
VastCryptographer980,False
ginscotchwhores,False
Rahul-Yadav91,False
hushkursh,False
Candid-Woodpecker889,False
Additional_Fun1704,False
Remote_Fall_2164,False
Silly-Priority-4927,False
zaidmkhot3112,False
dant3s,False
thunderstorm2208,False
rakiyer555,False
rakulkumar555,False
PhilosophyDefiant762,False
Local-Perception4937,False
an_illogical_mind,False
huhu9434,False
The-Old-Sea,False
toolboychitti,False
ForsakenShirt,False
chisel_pig,False
tenebrous5,False
Divine107,False
Adventurous_Cow4449,False
sg291188,False
nav_gaba,False
EqualAd8080,False
musci1223,False
Massive_Mark_7749,False
bigtiddyenergy,False
Artistic_Ad_5627,False
sincerely_atulya,False
_choomwagon,False
fellowmonke24,False
mileyfryus,False
CryptoisHaram,False
WorkerAdventurous598,False
weedsexweed,False
Asvp04,False
Glad_Amoeba,False
aych001,False
Ishanp2409,False
nad11111,False
Noiz2144,False
Pragya8906,False
Beneficial_Panic118,False
LoGidudu,False
jamughal1987,False
lisaslyfe,False
notreadyfoo,False
cyyawrytnrvypv,False
wanderinsoul97,False
KingCaesarRaja,False
TallEstimate,False
Interesting_Pipe_109,False
Try1916,False
webcheesesticksseal,False
Otherwise_System_105,False
TheStalin69,False
Elite_lucifer,False
ProtectionKind8179,False
abs1337,False
Akashk9,False
Mundane_Independent2,False
MediocreTourist1407,False
bestadamire,False
supernerd314,False
collonelkurtz,False
iphone4Suser,False
night_fapper,False
Wizardof_oz,False
bhodrolok,False
geniusdeath,False
_PeakyFokinBlinders_,False
Joshtom333,False
indiannerd2,False
BIGBOXofAWESOMESAUCE,False
i-m-new-here,False
ruchitshah1,False
DangerousWolf8743,False
SeaDisplay8633,False
nidanab,False
SanJunipero1,False
SohrabMirza,False
Ballisticarrow,False
ricdy,False
MrDalton3,False
Low_Comparison_1906,False
Yabbaba,False
uselesspieceofshit4,False
Skorpius_911,False
alam_muj,False
NothingHereToSeeNow,False
Bliss_Acadamey,False
Due-Yesterday9991,False
boombaamyeah,False
SunnyBlingBling,False
rahulmalegavi121,False
MOISTAFBOY,False
imerence_,False
AmuckIndian,False
peterponting,False
Dangerous_Run269,False
DontShadowbanmyacont,False
ReadyToBeEaten,False
nxnt,False
atroxima,False
BluehibiscusEmpire,False
pringleyboy,False
Cry_gene,False
_yogesh_,False
venktesh,False
mr_alert_,False
king_booker,False
bokaanshu,False
saudkazia,False
surajnsm,False
Fight_4ever,False
School_Worldly,False
realtanmay2,False
Even-Client-3868,False
veertamizhan,False
lexicon435,False
FluffySheep2,False
ShadowWave01,False
Toxic_0_0_7,False
enbycraft,False
django_free,False
ajtheshutterbug,False
AssumptionAcceptable,False
Aadu_Thoma_,False
Kratos3112,False
Ancient_Bobcat_4682,False
mranxiousallthetime,False
The-Freeze_YT,False
-1Mbps,False
wet_potato7,False
DonnyDonnowitz,False
mr_nobody_21,False
International_Bag_55,False
S_Borealis,False
artofsuresh,False
rorschach34,False
SnooRecipes4004,False
the100rabh,False
Random_citizen_,False
TejaMaeHunMarkIdharH,False
Miserable-Smoke6485,False
SugaanthMohan,False
T1773A054,False
Darth_Priyo,False
NotSoGreta,False
juju_man,False
yatin-nodiyal,False
Zaiabbas,False
simply_amazzing,False
Acrobatic-Stand-6268,False
Dr_Respawn,False
peakyrick,False
tedxtracy,False
herolin,False
The-Observer95,False
Slaiden_IV,False
sans_manners,False
up_for_adoption,False
ChanceDance18,False
sitakayar,False
Eliterocky07,False
AdBig7514,False
fenris_dallocort,False
rishav_sharan,False
RebelliousBanksy,False
ProGrammar1729,False
Successful-Trash-752,False
Suspicious-Lychee843,False
TheRandomGuy,False
hectorindi,False
vitamin_protein_,False
LeagueApprehensive75,False
dZone9,False
KnightInRustyArmour,False
jubbing,False
name_not_imp,False
Anarchnymous,False
porcelainsmile,False
expert_ateverything,False
gustyjoey,False
sam_ghost,False
i_love_masaladosa,False
Bimancze,False
Professional-Bad-287,False
Lopsided-Parfait-831,False
Independent_Problem6,False
Leading-Camera-6806,False
Kramer-Melanosky,False
BillaHK,False
kraken_enrager,False
foolfromhell,False
MonkeyDsarva,False
lazylaunda,False
goodgod23,False
enigmaBabei,False
jupiterr869,False
Jaamac2025,False
sudhanshu_sharma,False
Greedy-Condition-365,False
lazycrazy997,False
GABENFROG,False
nonmemer87,False
jaiveer666,False
pkv3,False
Horror_Twist5871,False
Venom_moneV,False
sananul,False
pun33tja1n,False
peace4231,False
Serious_Brilliant_90,False
LeBrownMamba,False
Ruga96,False
urvinod,False
Select-Leg-715,False
longlivepeepeepoopoo,False
QuirkyAndEccentric,False
drb97,False
Intelligent_Fox_2063,False
Psychstudentbrunel,False
_KAvSR_,False
a-thang,False
Fr34kyHarsh,False
ghemanth90,False
moojo,False
Fast-Championship567,False
dosa_supremacyy,False
coolerdude_,False
r_kumar89,False
xntrikk_tricksu,False
HolesDriller,False
NotAManOfCulture,False
Meeedick,False
Shakespurious,False
Datt_dude_,False
kawaljee,False
shubh_yadav207008,False
lolxdmekaisemaanlu,False
yuk_theWeed,False
tongue_daddy69,False
jaadoo20,False
Impressive_War8072,False
never-gonna-gibe-you,False
FrameOptimaal,False
OBCxcategory,False
Unfair_Lie7833,False
Reasonable-Mud-2127,False
_Serbastian_,False
Omisbest,False
notoriousOO7,False
SuspiciousTequila,False
lokesh42,False
idontlastlng,False
marieherrera7,False
Pixel_Cluster,False
itachi_senpai1,False
Imaginary_Bat_2771,False
Altruistic-Spring-64,False
aditisara,False
between_horizon,False
RealRedditor101,False
Ashish6163,False
randomusername8264,False
wholesome_hoor_pari,False
Raj-Deora,False
Roll-Sudden,False
fakebutactuallyreal,False
zaid4eva,False
OPtical_ILLusiO,False
Butterscotch_babydol,False
NunOnABike,False
_vaibhavrwt_,False
Akshu_the_grt,False
nony851,False
CumInYoBum99,False
wojack_realhumanbean,False
RUDHARMEHRA9,False
Embarrassed-Bear-182,False
Pale_Beautiful75,False
Glittering_Yogurt630,False
deku798,False
Thinkexe,False
tostedshoes,False
ajinkyasp9101,False
NoShivam,False
Dry_March1629,False
Old_Boysenberry3671,False
sillyguy45,False
Swimming-Cow-7919,False
A1mun_is_alive,False
BarnabusScherbatsky,False
Vast-Ad-2863,False
Sypher-Punk,False
xdBronze,False
Active-Difference-52,False
Unhealthy_art_piece,False
cummedfrog,False
Accomplished-Big-963,False
youRMFFFF,False
Amazekam,False
WhYmYnAmE-,False
GALAT-NAAM-HAI,False
LordDK_reborn,False
National-Ad-7358,False
anmol_gupta_0,False
Alice2002,False
ToxicBabe69,False
ValarDohairis,False
The_Random_OneYT,False
Economy-Jicama4755,False
subins2000,False
dinkan_the_saviour,False
Unow123,False
MuraYoeSa,False
babajabadoo,False
Ok_Opportunity_5723,False
LandsOnAnything,False
SucksDick4Karma,False
Atriann,False
nura2011,False
rebootedartistichawk,False
Fit-Operation-1878,False
dev000027,False
iamtheboss2407,False
meetmaths,False
BooYouBoar,False
ToughTiger2,False
mecopian,False
Mangalore766,False
beAftab,False
DramaNervous4094,False
ConversationOld2080,False
naomonamo,False
dismissed_soul,False
Aggressive-You-816,False
revan__1996,False
AshishKhuraishy,False
SG080,False
Adwaith2212,False
hobbitonsunshine,False
CharlieBitMeMf,False
JerrySukumar,False
kingjuliothe5th,False
meme_stealing_bandit,False
boilingsambar,False
odysseusmax,False
Main_Bother6307,False
thicccmedusa,False
Opposite_Mechanic_25,False
AwkwardSun4175,False
aradtales,False
upranav,False
BookWhole4509,False
Own-Pilot-1163,False
kookysoul,False
jugheadj420,False
SirFarts_A_Lot,False
shajuyem,False
Chance-Try1442,False
damagedsoul1,False
Braddthebadguy,False
XxBySNiPxX,False
onefunchman,False
Glittering-Papaya-46,False
katotama,False
MRbondz007,False
sed_lyf_bruh,False
RogueEnjoyer,False
Shahrukh_Lee,False
tapeface22,False
Worldly_Ad_1078,False
GRANDMASTUR,False
Zealousideal_Tea_814,False
FunPast1770,False
Embarrassed-Ad8177,False
Extreme-Ad5439,False
Subidentity,False
anshoeman,False
debdude7513,False
Akshay_8,False
zed-darius,False
Desi_Bond,False
Iamsadsaad,False
surelyalibrandu,False
Miserable-Shock-2739,False
G_Paradox,False
Affectionate_Camp847,False
ProMcuck,False
Slow_Hand_1976,False
BicycleChain92,False
Accurate_Art1971,False
idsjoe,False
wokeandchoseViolence,False
khululz_mate,False
iamnycto,False
Shitlifee,False
dbkuper,False
shady_downforce,False
saamp123,False
self_made_human,False
evi1ang1e,False
engineer_in_denial,False
saint84,False
NooFapAccount,False
Maanavdv,False
Super382946,False
iamrealfuckboy,False
Avakayi,False
_Rocker_,False
thesilentkid11,False
pkaka49,False
Aesthethic2098,False
wathaaaaaaaaaaaaaaaa,False
Iknw4,False
toarin,False
thewannabetraveller,False
Atmaero3,False
MyNameisUt,False
loveandk1nd,False
be_a_postcard,False
vyom,False
DarknessIncorp,False
Motivatedude,False
krysis7,False
ayush414,False
SignalBoat,False
booyahtech,False
vanillashakespear,False
nvkylebrown,False
Hiranyagarbha2498,False
icarux60,False
investor347,False
ExistingAmphibian370,False
Individual_Koala1723,False
somerandomdude_123,False
thatguyurmumlike,False
chinmoy9722,False
ZiggyBlunt,False
ErskineLoyal,False
harrysinghs,False
powerless_kingdom,False
avara_chan,False
check-himu,False
bunnythesecond,False
phoenix_shm,False
drmorningstar69,False
ProfessorAnie,False
BhavyaSingh16,False
No_Understanding_834,False
Resto_7655,False
Babuchak_69,False
donkeyballs333,False
adventureseeker1995,False
nam558881456,False
napoleon-the-cat,False
thesarcasticsphinx,False
SetGuilty8593,False
DarkStar0129,False
No_Lynx_8737,False
p_venkatraman,False
tester989chromeos,False
nik10762,False
serialposter,False
lalbahadursastri1996,False
A_random_zy,False
abhorentmoron,False
flubbergrubbery,False
_sidsome_,False
Big-Yogurtcloset-341,False
vegpatty_96,False
coco6011,False
Mishika07,False
Brown-_-Sugar,False
Upstairs_Crab_8443,False
ReinHardtXT,False
ill_detective_4869,False
ipaidgymfee,False
CHENNAIAKSHATSHARMA,False
mblaze111,False
ms79,False
lungicoder124,False
_DarkCry,False
alnavidh,False
iam1080p,False
sins90skid,False
Shoddy_Ad_2882,False
sgt_bug,False
Jealous-Bat-7812,False
Snoo-89664,False
Internal-Offer-7625,False
Outrageous_Ad1673,False
the_farrago,False
callmebatman14,False
annothejedi,False
TYRONE_LOVES_KFC,False
heeyyyyyy,False
Realistic-Home5867,False
elemiel,False
crypto-ether,False
gaumutrapremi,False
iamscr1pty,False
lFluffyBunnyl,False
PashtorVisaery,False
SnooPies6424,False
mojo4690,False
Geriatric-Vibe,False
imnicexDDD,False
kingslayyer,False
Mindless_Statement,False
marriedolaf,False
rayjaywolf,False
soumya_ano,False
xlr8inferno,False
roastme_goood,False
roopdhillon,False
emptiestfeelings,False
noubsha,False
Aditya1311,False
8EF922136FD98,False
OriginalCj5,False
Confidence_Awkward,False
putin_sharma,False
Ace2022,False
HunterDHunter,False
PeterGhosh,False
PepperHeads,False
Aravind_123,False
silverhoe,False
Anurag_NITYAM,False
Crazy-Emotion-759,False
SunlightGrass,False
imnewonredditso,False
s_has_hank,False
Devisnerd,False
0_infinity_0,False
ayechikna,False
Gulfstream1360,False
viking_spartan,False
Organic-Guide-1032,False
pseudoalpha,False
BruceVaine,False
mndppsingh2,False
Fri1ction,False
ThoughtStar,False
vitviki,False
im_just_depressed,False
_Hungry_Chicken,False
i_am_sooo_done,False
anotheranothertry,False
iVarun,False
Infamous_Star773,False
radhika1710,False
JayanthKumar2,False
calvinwalterson,False
No_username_detected,False
KoiNaamSuggestKaro,False
M98er,False
parad0x05,False
asdgbims,False
Cute_Labrador_,False
PoissonArrow91,False
rakeshsh,False
PJ_Plays,False
ThinkTank-SB,False
half_blood_prince_16,False
Gautam171Gosain,False
WH00SIER_daddy,False
Evil_protagon1st,False
UnfairLingonberry800,False
Ace_Marlet,False
monsur07,False
morose_coder,False
all_name_taken,False
Randomboye,False
Keep_Scrooling,False
Escudo777,False
realpassion123,False
anonsurf9,False
Complete_Web2612,False
BaffledEarthman,False
Amazing-Heron2986,False
N00bHunter69,False
v00123,False
Creepy-Rough5480,False
psych0hans,False
Darshan_1304,False
Realistic_Flounder_9,False
Wanderandian,False
sabharwal2001,False
Several_Sunlit_Days,False
GreyPyjamas,False
Mudi-kaka,False
equinoxDE,False
nondiscrete,False
MaybeNotTheChosenOne,False
semensdemon69,False
Striking_Exam5629,False
Awkward_potato79,False
FSL2002,False
Appropriate_Play_620,False
rukuto,False
ihtar_tajar,False
Hairy-Professor-6541,False
saqlain22,False
Silly_Painter_2555,False
john_wick_909,False
Angels_heRe,False
Manmohanmac,False
dalitoy,False
thatonenerdy,False
OppositeSand8851,False
Spacey42069,False
and1984,False
JilJilJigaJiga,False
machiavellian_fuck22,False
divus20,False
mary_had_a_beth,False
SoulhuterR,False
symbol44,False
Akansha_anit,False
rajjjjk,False
Paree264,False
Substantial_Day7343,False
Acrophon,False
Player91sagar,False
StrikingDefinition26,False
rajshekhar_,False
ChangeOutside2179,False
666Nietzsche616,False
keyslocksandchains,False
LoneSilentWolf,False
personified_thoughts,False
sumbuv,False
Responsible_Trifle15,False
cuckingfunt99,False
badass_guts,False
Network_Willing,False
covid_depressed,False
Soberman_High,False
ishoee,False
HaHaJo2301,False
calvin_derkins,False
BabyKoBayesPasandHai,False
Abs0lute_Jeer0,False
oneirofelang,False
Marvelman2099,False
jaalaudu,False
DrSheldonLCooperPhD,False
toxoplasmosix,False
sherlock_30,False
skmd_siddique,False
SpicySummerChild,False
garryooo7,False
Rx789,False
Christophercolonbus,False
shrigay,False
IndraAsura,False
Breadyz,False
Coolbiker32,False
PlancksConstnt,False
Euphoric-Ear9405,False
mememe8008,False
ThePhantomRaven,False
rupeshp99,False
L0ne3Wo1f,False
Apprehensive_Ad_2177,False
Claasic_karma,False
BABYiAmYourSanta,False
youwontletmesleep,False
AerosLedge,False
Bhanstokes,False
Sensitive-Raspberry5,False
terimummymerihojaa,False
anish0512,False
DankShivam,False
Downtown_Aspect_2452,False
wickedServer,False
dr__strange_,False
Siku0329a,False
shriniket_4403,False
AdityaSupporter,False
LordAnexus69,False
GhostSCube,False
r_harshit011,False
supersaiyaninfinite,False
Saurav377,False
Ashreditor,False
FieldVisual,False
jaykhot420,False
That-Independence217,False
Wonderful_Expert_677,False
Unknwn-01,False
Kirtan07,False
Current-Afternoon-14,False
E-lafda_Offender,False
jhiwase,False
Agitated-Courage9543,False
memeking769,False
za_layji,False
BIGBOI_AVI_6969,False
Responsible-Video369,False
Yare-Yare-Daze-15,False
Weekly_Pomegranate97,False
_Infinit69420,False
PsychologicalEmu7482,False
Jiren6969,False
chutiya_bachi69,False
Impressive_Grass6440,False
DankKid2410,False
Mountain_Reveal_7699,False
Lonelylove752,False
Comrade_Stalin_666,False
uzziimak,False
AdEducational4129,False
birblover69420,False
prolegend144,False
Queasy_Budget_2225,False
growler6,False
No_Basket_3457,False
the19thlaw,False
IM-Mahi,False
Ok_Oven8832,False
ayush04012002,False
Aggravating_Cup5269,False
XERITERN69,False
Old_Sage_69420,False
chief_10,False
Enough-Astronomer-84,False
mohdsureshsinghdcruz,False
biptya_boizz69,False
sipsoupwastaken,False
tumsenaHoepayega,False
Electrodude13,False
ezio0609,False
pokegamer9,False
kartikkatruck,False
Empireofthesausage,False
Powerful-Prune-2795,False
pr0fessorParadox,False
SwanCheap9626,False
HeMaNsHuJ,False
almost_nerd,False
tiredofmakinguserids,False
Life_changer92,False
Licorice_Pizza007,False
skepticmonk9,False
Ok-Coyote1311,False
nraheez1,False
unfriendlymushroomer,False
frosted_bite,False
shcroc006,False
BL4CK_LOVER,False
deadgu,False
zaf11ant,False
shdai,False
duryodhanan98,False
nc0air,False
maraxzer,False
nigil777,False
Weary_Horse5749,False
BoredDimwit,False
scarredforever21,False
ajithkgshk,False
mobi_dick2,False
houcok,False
gate666,False
averaged_brownie,False
njan_malayalee,False
Mempuraan,False
Lorospi,False
Used-Ratio2180,False
SeriousPotage,False
Previous-Wrangler-14,False
neizsche,False
BurnerBoi_Brown,False
Captain_Audit,False
MacaroonRadiant2172,False
SivaramaKurup,False
BooMYSK,False
PolicySwimming,False
ApplicationPerfect44,False
take_me_out_of_it,False
avvahavva,False
CheesePlaza,False
BetCompetitive8376,False
passionate_giggles,False
firsttrial,False
Racistchinchongnigah,False
ctfukerala,False
ompr29,False
uniquecliche94,False
castle_134,False
MajesticBike9265,False
Material-Coyote9411,False
viciouswaffle62184,False
Perfect-You9074,False
vaz_mo,False
GreatLavaMan,False
AvailableAd1365,False
Confident-Machine-29,False
fkd_life,False
Leading-Okra-2457,False
pookkutti-vasu,False
Right-Exchange1942,False
MaintenanceSea7158,False
Sky_kazzy,False
SadBox420,False
Karakdict,False
MALLUCHEKKAN42069,False
refugeindian1969,False
techwriter47,False
Upbeat_Courage6921,False
Simple_Succotash9464,False
godstabber,False
othershwarna,False
_Geo7,False
lonely_funny_guy,False
mmopo928,False
chembulingam,False
Apprehensive_Nose838,False
OtherwiseCoast8555,False
Basim_Aman,False
darthbutterchicken,False
Jazzlike-Swim6838,False
e-N_K-e,False
creativelylazy96,False
bashayr,False
beingsmo,False
accidentalinitial,False
Crafty_Ad7314,False
prdpftbl,False
