ucntcmi,False
donison24x7,False
Av18theBloodyAtheist,False
methdotrandom,False
cellardoor_997,False
Fun-Strength7622,False
AVeryAngryBoi,False
Thirsty_krabs,False
serrealist,False
ComradeKimJong,False
IndependentSalt5513,False
cestabhi,False
Johny_Silver_Hand,False
no_new_names_left,False
Shot-Border2094,False
Pontokyo,False
Fancy_Sheepherder207,False
antique-inspector690,False
IHateChaddi,False
YUPitsME_RICK,False
Reigen441,False
ligmaballssigmabro,False
waynebruce__,False
ILIKEDOUGHNUTS8,False
Nostradamus_Polly301,False
thepaleoboy,False
up_and_ahead,False
adrikizer,False
saiko1993,False
unemployed_01,False
SadShitHead,False
Listzomaniacc,False
alphabet_order_bot,False
Direct_Reception9478,False
burntcig,False
meinhoonjeff,False
all4_da_nookie,False
schnorkel,False
Mrdas4U,False
LekhakKabhiKabhi,False
0506_priyanka,False
Bright-Yak4129,False
ideology_therapist,False
Allen_gamer,False
kewra_bangali,False
overlord_999,False
N0rmiehunter88,False
sogoy3,False
shubham5121,False
GujJEW_Conspiracy,False
LazyArk,False
masks_0n,False
frenchdosa,False
KingPin_2507,False
Satyam_Bhadauria,False
Nanotyrannus111,False
Ben_Engel,False
Appropriate-Elk9588,False
timewaste1235,False
proawayyy,False
ram_siya_bhakt,False
Im-MrRandom,False
tedha_ant,False
blazerz,False
kundunium,False
Raylan__Givens,False
cyanide42069,False
Jattboye,False
SnooChocolates7123,False
snookso,False
supamonkey77,False
Deltaindia787,False
justanotherengmaj,False
SauvikN,False
whatdayisitnow,False
AutoModerator,False
ravishterabaap,False
Babybroda69,False
Kesakambali,False
SnooOnions4206,False
ApocalypseYay,False
thatothercommie,False
loneinlife,False
Ravenclaw2702,False
IamRandyOrton,False
Elit_Akarsh,False
All_chaddis_must_die,False
Public-Ad7309,False
ketanredkar,False
The_Flash_1011,False
anotherimbaud,False
SadStateObserver,False
DaddyDoraemon,False
H3LIOS_25,False
wahab-wahab,False
Diligent_Load9981,False
weirdest_memes_,False
abhi1260,False
theOneWhoKnocks624,False
Raanisaa,False
ra_corleone,False
glitch_in_matrixx,False
left-lib-chomu,False
Nick241mi6000,False
god_is_a_pokemon,False
Little_Setting,False
thotslayer21600,False
Kartikey38,False
ahzam_raza,False
VROKE17,False
coldfright,False
PratDaBrat,False
SquirellsInMyPants,False
platinumgus18,False
avgmasaladosaenjoyer,False
Aryan0420,False
REALISMONPEAK,False
VerumMyran,False
LSHR,False
5AgXMPES2fU2pTAolLAn,False
DrGanja97,False
majnubhai4541,False
benjamin-unbutton,False
womb_raider_420,False
AdikadiAdipen,False
surelyalibrandu,False
rg1283,False
veniato,False
KhaithangH,False
Green-Commission7808,False
Moist-Performance-73,False
Corgi-Forsaken,False
rick-sanchez0,False
Melikemommymilkors,False
Spirit-Wave,False
PersonalGuarantee448,False
Weekly-Assignment219,False
DroidArshdsc,False
_Standard_Pumpkin_,False
SuicidalTorrent,False
dumbbumb1,False
maverick54050,False
Pirate_OOS,False
31_hierophanto,False
Pro_M_the_King52,False
DelhiUnderbelly,False
soh_amore,False
Ashi96,False
mainhugiyaan,False
grandmotherofreddit,False
popular_tiger,False
bonnique,False
crungemuffinsinger,False
karnal_chikara,False
pheonix9001,False
AdExtra1071,False
naatu_covid,False
Headshot03,False
horizon1060,False
pm_me_ur_memes_son,False
Syamosa,False
UnitedNewspaper6858,False
kc_kamakazi,False
MotherHat9116,False
kirat_363,False
Naagraj_2_0,False
CCLasagana,False
atheistkrishna_47,False
IamFluffy94,False
Large-Personality683,False
Vaderson66,False
shammiheroadahero,False
velvetthunder6991,False
RabidSwordsman,False
izerotwo,False
supersaiyaninfinite,False
occult-eye,False
radcon285,False
JonSnowJaime,False
zhawadya,False
malayaleechad,False
halfblood248,False
IndianBall97,False
Someonesometh1ng,False
nikrocks123,False
Yaksh000,False
mujhe_kya,False
AdPure1738,False
coomiemarxist,False
DickPenisBJHJ69420,False
Zain69,False
Medical_Clothes,False
huge_throbbing_pp,False
patharmangsho,False
NanjiBhai69,False
asuravirochana,False
F4iry00,False
51837,False
jumledaar,False
fuelkingx,False
estha_rahel,False
Siondroms,False
wandererKDE,False
Sarfraz29,False
robokarizma03_08,False
Soggy_Walks,False
ChakraGamer,False
kaneru_nathish,False
No-Breadfruit-6783,False
tripple_little,False
GeorgeHabashAlHakim,False
azam_ilias,False
karmaisded,False
end_trace,False
Brown_sepoy_slayer,False
siddharth3796,False
blasfamous100,False
_Pinginthenorth_,False
naddy1988,False
HijabHead,False
ForeignMycologist120,False
Tommy-_vercetti,False
hk-laichar,False
Kaiju2468,False
divaisasimp,False
PM_MeYourBack,False
k14p14,False
Valacycloveer1080,False
IAmAWasteOfMatter,False
NeedForMadnessAuto,False
cynic1996,False
BadrT,False
C_2000,False
Belligerent_Fucker,False
MootKaBadlaMoot,False
trixon123,False
FollowingThat7317,False
anihallatorx,False
coronatracker,False
Fahad1012,False
jackass93269,False
Turbulent_Hearing274,False
ConsiderationCold394,False
Last_Anywhere8068,False
DharmicDex,False
JyoJyoRabbit,False
Ashen-Canto,False
the_rumbling_monk,False
Uganda_Max,False
amanderrated,False
letzseeee,False
urban_raita,False
lostcauseforlogic,False
djongongo,False
Urvashitheapsara,False
antiradantioxidant,False
Noeljino,False
anhad_,False
marinated_roxket,False
sonofabanshee,False
Yogurt_Slice,False
paulomanson,False
Papercanspeak,False
DearthStanding,False
farrago45,False
musicrhythmfury,False
Abhimri,False
raosahabreddits,False
anshul_sexdena,False
haermamora,False
Sea_Till9977,False
chirpingphoenix,False
Officialvedantbansod,False
Passerby_Bypasser,False
Hairy_Arm_247,False
Jealous_Ad_9468,False
Holiday_Major_839,False
CoolDeepPop10e,False
OkiOkiPokiPoki,False
First-Television-144,False
adchait,False
Luttappi69420,False
IndianOdin,False
syzygy98,False
hostiledoor,False
topimpabutterfIy,False
Shitsnoone,False
ProbabilisticPotato,False
Inside_Brilliant_388,False
homework_ate-my_dog,False
Fullerene00,False
ComRedLinen,False
DibbuNayak,False
Minute-Egg,False
saiyanultimate,False
SplitAdministrative6,False
adiman93,False
Puzzled-Box9639,False
hopefullydelicious,False
AnantNaad,False
sanemind008,False
Delese,False
space_doe,False
navnagari,False
Montu254,False
Ill_Zookeepergame370,False
Medical-Director-921,False
lilDoP,False
LabProfessional5931,False
leon_alexandrov_II,False
Adventurous-Win-2693,False
Agathocaccalogical,False
Evening_Yesterday494,False
drsohailverma,False
filmdisection,False
kamedyking,False
illiogical_nomad,False
123_dead,False
U_HIT_MY_DOG,False
Glittering-Papaya-46,False
SlideEastern3485,False
AdventurousRun2641,False
Clark__C,False
CorneliusTheIdolator,False
TheJannequin,False
Neat_Biscotti8950,False
kaushalovich,False
comma-horrol,False
spiritualartist4,False
commifeminist,False
Connect-Barracuda-39,False
Secure_Pin_6859,False
Remarkable-Ad-2044,False
this_sucks_that_meh,False
SaltyEar2190,False
TuKisiRailSi123,False
DarthAckermanX,False
gate666,False
Big-Swimmer-363,False
I_Give_U_A_Damn,False
antibajrangdal,False
Traditional-Salad618,False
knock_knock94,False
eazeaze,False
commie_ittehad786,False
TheRedStarWillRise,False
mondoduke123,False
TheSlayer_exe,False
ashrafkhan731,False
numnumsociety,False
tankistan,False
SJSN2002,False
aweap,False
IronClad__,False
Nihilistkinetics,False
kool-kizu,False
indichomu,False
shashedge,False
OldMonki,False
HellsKitchen-1,False
