lifelong_gamer,False
FineAd5680,False
RahaneIsACuck,False
QuAndingle_bingle,False
AlarmedSyllabub,False
JayMitchell35,False
OccasionRepulsive112,False
SMiL3_UwU,False
Illusionary_Maya,False
chaulkha,False
UglyPichai,False
pranav2201,False
1ddbb1,False
Healthy-Rain-3485,False
Snoo-8553,False
ThrowAwayForPervyDon,False
Erenyeagerabssss,False
GogolDev,False
ForsakenAgent,False
Iloveyoumyfriend666,False
no-regrets-approach,False
aizen3627,False
smallpenisboi2inch,False
rjsh927,False
TonyMontana546,False
CowRepresentative228,False
capi__sha,False
akshay1925,False
dhatura,False
Resonatinguy,False
ClumpyUncle22,False
R_Erasmus,False
koal2,False
pushpa_fire,False
fungusyoung188,False
artemisfowl8888,False
Seeker_00860,False
AmphibiousToaster,False
BoseNetajiWasRight,False
abbody1337,False
rrudra888,False
Lbhati,False
Apla_Mumbaikar,False
Raot_,False
Icy_Calligrapher_203,False
adi-C-1401,False
OzyTozy,False
Careless-Snow-3389,False
therealdivs1210,False
ggtffhhhjhg,False
PovertyInIndia,False
Bourne-Enigma,False
nexgreser,False
-Sourabh,False
dyypyy,False
kail95,False
KongVonBrawn,False
RandomCoolName77,False
chinmaya27,False
sanman,False
Shark_Head26,False
blues2911,False
bbc_indian,False
great_indian_grizzly,False
ErenKruger711,False
IQRA_ARIF,False
Srivastava123321,False
Lower-Ad-8002,False
DREAMY-KNIGHT,False
otaku2297,False
MarsupialFair6544,False
tobascocandy,False
pranavk28,False
Affectionate_Work_72,False
friendshouse72,False
parinonly,False
XiLongHusk,False
Jaideep_2002,False
a_nice_lonelycabbage,False
Optimistic_doc,False
rudra_sama,False
SlySpyNebula,False
ItsyourboiYash,False
pinktraveller,False
Zealousideal_Car_163,False
SlimShady0111,False
Tennis-Curious,False
Any_Entertainer_6726,False
SigmaRule108,False
HammerHandsX,False
jenishjariwala54,False
Dxnny101,False
Nitz_R,False
LankyAcanthocephala3,False
sanja_g,False
grambaba,False
KtGallagher,False
AKI499,False
Curious-Muscle-1823,False
chhotapasta,False
sa_Enigma,False
garf-lasagna,False
Edgelord420691,False
disco-dancer-99,False
fychdhdkg,False
Byte_Venom,False
shwetajain81,False
MJK618,False
BDSMLad,False
XirCancelCulture,False
Forzzaa,False
chorma87,False
Glass_Contribution82,False
BangReign,False
letoatreidesdeux,False
PurushNahiMahaPurush,False
Crazyeyedcoconut,False
ladkichhaiye,False
gentle_yeti,False
justlurking_here,False
nahfamitaintme,False
altzt,False
Intelligent-Hand690,False
Ok-Result-6755,False
mctwists,False
Apotheosis33,False
Benjemim,False
mrityunjayseth,False
Anil77492,False
Railway_Science_HP,False
cemazu,False
Talon_Of_Garuda,False
nayanmonib,False
Deck-tator,False
rocks_prateek,False
Deoxys0987,False
aklimi7,False
SHURI_OP,False
Arham_Qureshi6,False
Sweet-Toe-3607,False
Moon_Roach_003,False
CritFin,False
sg1ooo,False
MousePristine,False
Cyberpsychic,False
NomadRover,False
supernova_68,False
tinkletinklelilshart,False
Frequent_Hair1112,False
I-Woof-You,False
XtremeBurrito,False
Former_Tomatillo8434,False
NamZtheLegend,False
Schepmas,False
arcane373,False
Pparth230,False
badboyx123,False
Temporary-Evening-31,False
MullahBahenchood2,False
PositionFormal8255,False
mean_monster9,False
NextAd5667,False
Only_Turnover_2938,False
Grandpix458,False
Baklol_Billi,False
Azqaadesigns,False
Prapancha,False
godfatherezio,False
Apart_Alps_1203,False
avilashrath,False
someone_you_may_kn0w,False
Band_Emergency,False
MayurReply,False
The-first-laugh,False
DelhisePencho,False
moab911,False
sub_doesnt_exist_bot,False
dronz3r,False
Danktitan2478,False
Glittering_Ad9686,False
gleise_23,False
bhagva_beethoveen,False
BornEveryday,False
woundedwolf1,False
buffering_humor,False
DesiBail,False
iikaushlendraii,False
Glittering-Swan-8463,False
Bitch_Sense1,False
x_obert,False
Oldpotato_I,False
AbysscuitAshina,False
OwnSand4273,False
AnuAhir,False
mumbai_indians,False
sedteen,False
horseflier,False
comandoram,False
karnal_chikara,False
lolipoper9000,False
Middle_Blackberry_96,False
mech_artist,False
phyyas,False
lila1631,False
jdey4,False
Abhimanyu1986,False
Pranish6820,False
Alkit777,False
EncouragementRobot,False
prodigalson_v1,False
duskyfairy,False
psychoramble,False
Competitive-Bad-1307,False
darkknight-84,False
jems45,False
Interlopper,False
being__aMan,False
this-guy-lmfao,False
wadafaqbroalt,False
sunny9911,False
Metadeth_,False
National_Fail_9456,False
zilp123,False
saurabh8448,False
Goku_krillin_it,False
TheMankingYT,False
special_nerd,False
Shiroi_Kage,False
commiepatrol420,False
ptfan123,False
Savings-Cautious,False
bills0903,False
WagwanKenobi,False
GiveMeAFunnyUsername,False
Clear_Preference7082,False
SeriousTitan,False
MRXyz_087,False
_that_dam_baka_,False
KenKaneki005,False
lazerwarlock,False
wrongdude91,False
cypherb2k,False
president-bush,False
Brief-Rude,False
Spirited22204,False
viky2654,False
mdarsha,False
Anirudh_Katti,False
Projewelnot,False
koru-id,False
GorkhaWalord,False
lolatthisworld321231,False
Maximum_Flight4157,False
abit_pitchy,False
ank1743,False
Comfortable-Ad8975,False
knight1567,False
SnooRabbits4318,False
FriendlyEnthusiasm16,False
ArionIV,False
LordJeffenstein2nd,False
Mindless-Victory1567,False
tfEpsilon11,False
Due_City712,False
evammist,False
akhand_bharat_ki_jai,False
fatalError1619,False
AdamWa4lock,False
sausage_kerb,False
almocalifornia9,False
SnooSeagulls9348,False
kunnizaro,False
marvelpunisher0109,False
raghav2412,False
X_Hunterr,False
DarklordReturn,False
Shockshwat2,False
forgotten_n,False
Drago_D,False
Aman_Dhatt,False
Immediate-Trainer-93,False
sharma_ji_k_sasur,False
observerrz97,False
AmputatorBot,False
DryCan1364,False
Rdrd1437,False
A1phaAstroX,False
dpakkaushik,False
Banarasi_Bhaang,False
Caesarhernan,False
Sonicowen,False
Illustrious_Error_66,False
Ok_Introduction6045,False
ignorantladd,False
your_og_shinigami,False
who_kriti93,False
rkdx007,False
Tsunami_SiyK,False
TheRandomPi,False
vinitblizzard,False
No-Bee-1915,False
impossiblePie287,False
Hindu31,False
Andhainsaan,False
s_p3,False
Jobhi,False
justice4alls,False
Nick241mi6000,False
Darkjay95,False
Business-Dog-9302,False
WikiSummarizerBot,False
pedrocapo444,False
Ok-Rip-8930,False
squishy-boobies,False
Fit-Ad9476,False
swollenpotatos,False
SmartAbhi,False
SIR_DUCKOFF,False
ab316_1punchd,False
tsnm7,False
TaroNo3635,False
That-Consequence4892,False
Lord810,False
Ribaona,False
Hot-Strain3876,False
Able_Schedule8325,False
Babu_6,False
SnooCheesecakes2829,False
Right-Ad-3834,False
AcanthisittaWaste189,False
crappy_username73,False
RangeNeither,False
badeharaamihobeta,False
Ankur67,False
TheSarcasticGuy2004,False
ZealousidealDebt3457,False
Dry-Expert-2017,False
ravented,False
brunzotf,False
cloudsfreak,False
One_Researcher_4097,False
StatisticianMean4304,False
Bhupendra2404,False
_Gaius_Julius_Caesar,False
giveittomeIamworthit,False
PARZIVAL-ONLY,False
muleshvedant,False
kabirsinghsaini2,False
AlternateRealityGuy,False
Cloudydruid,False
Only_Tea_3763,False
Sidonkey,False
parrmindersingh,False
confusedndfrustrated,False
SpetznazBLYAT,False
DaViLBoi,False
shash747,False
Amitdabas803,False
Vibhor23,False
vaibhav0071,False
ThrowawayGG01,False
shivamkimothi,False
Adventurous_Ad3643,False
rohit7745,False
gobhi420,False
gafnyms,False
Tomako88,False
Dangerous-Extension6,False
productive-techlead,False
PAPPUkiDADHImeLAWDA,False
Several_Bat_4920,False
AbbreviationsOk6697,False
Expensive_Slice_4835,False
Historical-Ad-1008,False
sanjaygaud9,False
Separate_Lecture_782,False
oknotbusy,False
Dxd22,False
GoddamLegend,False
lucifer2699,False
MAHTOS,False
Top_Coast_8709,False
Big-Let-5250,False
PusyMoniWeedCodine,False
DaChonkIsHere,False
indopasta,False
Noobmaster_1999,False
cultleader789,False
1dayIwillBan,False
halleymariana,False
CHAACHAA420,False
Itsashu0,False
yogi4pm,False
big_asshole69,False
YoursMommyshit,False
MotivatedChimpanZ,False
fullautomatix,False
Gurvir_,False
underbelly_of_scum,False
Bright-Story-9616,False
urban_ganwar,False
EC0-warrior,False
Fearless_Ad_3401,False
Akatsuki62,False
Firm-Employ-9743,False
skyhigh0309,False
Wide-Stable6490,False
VOIDWALKER_WRAITH08,False
Grand-Zebra3888,False
NoAdeptness1556,False
soundstage,False
easybrick702,False
Fantastic_Pea7860,False
AlexBrallex,False
legendary_korra,False
nemesis8044,False
ryuk_04,False
Zealousideal_Elk3498,False
ManWordsMan,False
Primary_Protection44,False
Capital_Policy_266,False
catbutreallyadog,False
FileStill,False
thecopyrioter,False
coolcrank,False
ItzTheChamp,False
InfernoSub,False
SANSKAR_PHYSICS,False
runoutofthingstodo,False
Wise_Translator_8088,False
who_that_guy227,False
Reasonable-Strain661,False
DaddieVaibhav,False
afganjalebi,False
ShitWoman,False
something_uncool,False
AllahSayJaiShriRam,False
Tough-Front-738,False
Misovagynist,False
sankalpOG,False
TheAKgamingYT,False
kya_haal_hai_vai_ke,False
indianGodfather,False
Fine_Steak_4766,False
Anizxron,False
kargsahil,False
ManufacturerGrand958,False
ShahidtooDank,False
metalhea6d9,False
Jolly-Award6700,False
Negative_Abies2879,False
FlyingSosig,False
TypicalEngineer_,False
sahil-hpr,False
Icy-Comment-8985,False
LabAdministrative833,False
tanmayOP9536,False
thewickedkarma,False
Eye_Ronix,False
bargeprathamesh,False
thearshraeen,False
SecretarySmooth8206,False
Individual-Shift-587,False
AdEcstatic5649,False
gdskhasa,False
Tasty-Shame-7957,False
Hemaksh_lol,False
innocentguyhere,False
Accomplished_Pain554,False
FLAMEX___,False
SandySam388,False
AgniGamer,False
rohan0322,False
CucchiWetter69,False
Training-Ad-4066,False
Uchiha_GOD_69,False
tedha_ant,False
Saucy-Senpai,False
Odd-Ad7503,False
EmptySpecialist7572,False
MP6869,False
Due_Turnip_260,False
Odd-Breadfruit7918,False
Own_Cranberry7521,False
bruhh-sound-effect-2,False
FruitSamuraiX,False
MenHub,False
privacy_freak69,False
sarthakbisen,False
Aadi1509,False
Dependent-Whereas-69,False
TheAlastair,False
lil_uzi_in_da_house,False
auddbot,False
Senior_Bench_1703,False
DentrixFlawless,False
Intrepid_Ad845,False
No_Boat_3622,False
anshrajput18,False
HighlightOk7814,False
Tigerr9,False
IZUKUXMOMO,False
No_Sir510,False
Mean_Employment_7463,False
r3str1kt,False
Commercial_Car1349,False
NexLORD,False
DarshanStingh,False
Alone1748,False
IllBaseball5388,False
Fun_Border3913,False
AwarenessOk275,False
ExtremeHistorian7203,False
FUNMAN_YT,False
ElectricalSorbet4072,False
lachimolalasupremecy,False
monsieur_bi,False
bobbinwasalive,False
KenobiObiWan66,False
BioDark0069,False
bindu-busleem,False
2k-trap-7250,False
Masulipatanam,False
Darth-Vaider,False
HIJABI_FUCKER,False
Janetss_4,False
Odd_Construction6474,False
Thefuckedupperson,False
AnilChugh26,False
SecretZealousideal32,False
hitszh,False
Disastrous-Blood6255,False
SwapnilShukla1572,False
Toastedweasel0,False
Fun_Bison_1693,False
Harshvardhan_9636,False
SpookyStoic,False
Harry_HB,False
toxicB2005,False
Southern_Eagle8494,False
Dangernbhaikifauj,False
peace0_0boy,False
jaldi_karo,False
RashibPunt,False
Historical_Loan_2875,False
stoic_308,False
Few-Course-7049,False
Rishi_J3107,False
ManasSatti,False
Satyam_Bhadauria,False
kookie_doe,False
zaccarin,False
UrBreathtakinn,False
Straight_Razor007,False
ranjit_walia1215,False
MadarDope,False
DCM_007,False
Shado_Uchiha,False
flakingboi,False
chaddi_virodhi,False
GulmoharMarg,False
Kabeer75,False
Asterion777,False
reddragmo,False
Substantial-Prompt69,False
PIKACHUKAPAPA,False
balaa_0,False
thelegitboy,False
saransh_kapil,False
sn9691,False
divyansh_singh2405,False
Manyjk151,False
2004_Ps,False
Hentai_Bantai,False
Professional-Hat4918,False
uknowmebaby,False
OnlyMemes1507,False
ArjunaIndra,False
ThugAkash,False
Acoolusername001,False
Large-Victory,False
Atharv_Review_34,False
Betaman_lol,False
Shirley2215,False
subarnopan,False
__--0_0--__,False
lovedeshwar_swami,False
Electrical_Bat_1803,False
mirajchez,False
Parivartan_Stotra,False
SelfRoast_Exe,False
ishpeeedy,False
ChirpingSparrows,False
Accurate-Iron-1612,False
peacefullll,False
KnifeAxeMeteor,False
Beyonder24,False
Adventurous-Button30,False
No_Impression_4155,False
Rough-Permission5475,False
72virginlovers,False
anonymous9950,False
Deon_007,False
No_Track_3913,False
Striking-Ice-5898,False
baaphaihumtumhare,False
qaider,False
pedoprophet69,False
Rebolt_99,False
NoEditor6300,False
afizaishere,False
xonaruhina,False
Exact_Sand_137,False
FriendOk7256,False
NanjiBhai69,False
Gogi_gogi,False
Sanghi_screwer,False
Spare_Swing4605,False
dellive,False
Alientheories,False
Worried_Gap186,False
baibhabroy,False
sid-0508,False
Mudit_Bothra_108,False
PanipuriSoda,False
PappuKiMaaKaPikachu2,False
Notanymoresickular,False
FunHistorian4066,False
redditspeedbot,False
M_Kejrudin_KhansiPir,False
Worried_Ad6782,False
BeautifulEar9857,False
H4D_IN,False
Yesurcorrect,False
WaySea6685,False
StudioMelodic6755,False
Born_Ad_7014,False
Rohitg9027,False
Gingerbeard7896,False
Mysterious-Swim-9692,False
Agreeable-Chard7658,False
KaPizZz69,False
Kale-Constant,False
7Alkonost,False
Dense_Neat7574,False
Feels_Good_Man89,False
khattacharya,False
Efficient_Ad8451,False
siddhant_left,False
tokyoflashy,False
AcrobaticAnxiety001,False
Vivek0001,False
legendarynoob9,False
Hot_Measurement_1995,False
yama_no_Ou,False
weednigabigdixenergy,False
Weird-Locksmith3639,False
True_Needleworker_30,False
Piyushk137,False
Snoo_75231,False
xMenCharlie,False
Devang615,False
Fruit_loop_108,False
anomynLOL,False
sigma-male-09-,False
blaknwyt,False
BhooleBisreTweet,False
Alternative_Ad_8526,False
UNCLE_SMART,False
iamram21,False
vishalw113,False
Mrheaven06,False
BRAVO_Eight,False
Broad-Conference-349,False
Physical-Quote-4119,False
No-Department-158,False
alexrex01,False
Emotional-Risk-7827,False
Feisty_meme_2077,False
ironmaster_18,False
Odd-Fun-1862,False
priyanshu_9,False
carvo225,False
ezio98475,False
wizroot,False
PuzzleheadedRise5099,False
Huge_Dirt_4541,False
mk47ef,False
BadBway,False
getwellsoonfast,False
towk1,False
Sharmaji_Da_Almighty,False
knockobu,False
jethalal_iyer,False
Existing_Tower_920,False
Sensitive_Mammoth_85,False
hotmagnet,False
SawyamRishu,False
vvvrasvvv,False
Sea-Geologist-9591,False
waturrmelonvedant,False
slicemagicbandya,False
PrestigiousAd8246,False
Rude-Firefighter6682,False
SnooPeripherals4097,False
AGUSTDxMARVEL,False
b00bababa,False
patriot_of_bharath,False
King__Steel,False
AX1S77,False
ASR___OG,False
WellThisWorkedOut,False
WheretheFkAmii,False
Chinese1Rock,False
Atuliya,False
chad_balls101,False
wifebeater7957,False
Pegasus_2005,False
Outrageous_Library28,False
UniversalHuman000,False
Interesting-Elk-6540,False
Happy-Pigeon,False
uRstEpDady,False
OneForsakenKurupt,False
brainyuncle7,False
political-mercy6284,False
anirudhz567,False
Baba_boonga,False
Adiboy1996,False
Nuke_Gandhi,False
neurology_nerd,False
Evil_Manifestd,False
ThikHa1Bhai,False
anonymeaime,False
Raw_CLash,False
ahsanxx,False
Lost-Ad4927,False
SurpriseTemporary273,False
Kardinabakchodi,False
anjalisharma9,False
Responsible_Ad4934,False
__siddhanth_,False
Cold_Bison_,False
No_Instruction1857,False
AryaVishwaroop,False
16_DEC_1971,False
Ashen-Canto,False
Big-Resolution-275,False
Jumpy-Willingness-22,False
adhmari_barkha,False
NeoFromZion,False
ok_kiddo1,False
Catch_10101,False
Suitable_War_6271,False
ravishkalra,False
Yuuichi_katagiri_OP,False
Raj_Mallick,False
chota-baabu,False
Chikomboora,False
Relevant_Simple_6102,False
Mr_DVN,False
Enduring-Bumblebee,False
Silent_Knight16,False
Arsh_singh69,False
Outrageous_Height_64,False
dr_Shubh,False
The_Batflash,False
Little-Evening7151,False
MaximaPro,False
aadarshsuman,False
Machibex,False
sagarg25,False
ListEnvironmental305,False
dev4589,False
Kangaroo_Logical,False
mihir_p7,False
gunhaters,False
OkCream9656,False
bholuram,False
sagar246,False
sid_0370,False
czar_elixr,False
ThisisHokageSama,False
mvaditya91,False
That_Kiwi_6307,False
slamofobe,False
rawdy15,False
Sudden_Wheel_234,False
Capable-Ad7325,False
TroubleOwn,False
CivicsWithSwara,False
sachin178,False
SpaceJunkieVirus,False
Broad_Card_1165,False
MysteriousBear8572,False
Pretend_Education_37,False
prince_vegeta10,False
TranslatorOutside799,False
HZNVISHAL,False
Pretend-Decision-453,False
vaishakcm,False
neoinitium,False
flash12328,False
kasba258,False
Tall_Fix9575,False
KaartiiKKK_007,False
SusuPoty,False
IRICKI,False
Psychedaddy,False
Oneside95_x2m,False
jumbopapita,False
NEVERHelpful4033,False
sarcasm_reloaded,False
dumb_programmer,False
suspendinguser,False
Pitiful_Yellow_8298,False
dexxito,False
Practical-Ad7984,False
AcanthisittaLonely20,False
not_fr_u,False
nathomredit,False
GreattMan,False
SovietskiTovarish,False
Due-Onion9838,False
blaze123441,False
Ventilator_64,False
donotdisturbvijay,False
sifyibigne,False
Majestic-Wolf-6698,False
cookieslayer01,False
mastered_skull,False
Aditya__129__,False
cosmonaut-zero,False
krampyphil,False
OneWhoWentRogue,False
Street-Midnight916,False
SadistBeing,False
maximanoob04,False
Status_Confidence917,False
bubusaho,False
exsecular,False
lyfeNdDeath,False
Maleficent_Lie9325,False
phonebatterylevelbot,False
KrishanViren,False
-bhenchod-,False
henry-pie,False
Speed__God,False
Idina_Menzels_Larynx,False
Automatic-Ad3779,False
AltZemo,False
URC7,False
4tboy,False
beingsamjdaar,False
DE_MON_X,False
Sickular-Adult,False
sexy_panda_peaches,False
ClUsTeR3000,False
tarun2511,False
raxtersama,False
Previous_Ad_8193,False
OkIntern8055,False
_KALKI_09,False
UnderratedAMIT,False
Simplistic_Ezy,False
Wide-Maize-1458,False
Redwingshunt,False
Warm-Ad1847,False
CrazySolitudeSoul,False
spp1254,False
stupidcupid112,False
Alive_Huckleberry_36,False
Anshuman0045,False
Pandit_OP,False
mortissed,False
Virtual_Reserve_,False
taskaccomplisher,False
almo199,False
Trick_Detective_9966,False
kamiAce_,False
Nice_Dude_1452,False
Old_Text8152,False
ashish_hinduveer,False
CAPTAINxMARBLE,False
donotcallmegamez,False
Mr-Robber,False
Electronic-Resolve68,False
LeatherHedgehog1113,False
Pretend-Confidence-8,False
vijayshriram,False
iam_ansh,False
Alternative-Still-76,False
Llama-EikBal,False
Aggressive_Donkey798,False
Ok_Assignment_8746,False
Alive-Technician6346,False
Original-Aioli-3380,False
D_E_4_D,False
mannu_boiii,False
pianospace37,False
PappuKaChotaBheem,False
Sensitive-Ferret4918,False
Electronic-Spite-278,False
justurmammaboi,False
V3nom07,False
inzo07,False
Maratha_,False
freakinginsane,False
Enough_Ad2138,False
harshal_mudgal,False
Karna-Vaikartana25,False
your90sboy,False
GenderNeutralBot,False
netpfsene,False
Individual-Let6912,False
BROWN_MUNDE_69_,False
desiwalterwhite,False
Legends_arena23,False
Ayuuuu123,False
Separate-Gur7259,False
DevilPrimeOrg,False
succshipan,False
aryanfucker69,False
AEronnie,False
TRMN8R_ALOK,False
pyaremohan69,False
Rare-Repair2138,False
ahmbrahmasmi,False
kowalsky69,False
frekystark,False
Flamboyant-2,False
Apart-Big-6120,False
Chee_Chee_PingPong,False
innocent_criminal94,False
Emotional-Pea2542,False
BrushwiTch-0244,False
mrwhite_666,False
Achee_Jinping,False
radioactive-n-toxic,False
aryabhat_wala_zero,False
-RuIN-aS-AdMIn-,False
Franzyagami,False
America_patal_lok,False
justArandomGuy49,False
Cypher197783,False
paddu_padaura,False
apkisevameprakat,False
ujjwalus7,False
VajrayakshaKesari,False
NotoriousAbhay,False
Next_Ad_8103,False
Arik_singh,False
Maleficent_Device_65,False
Educational-Fig-4075,False
facklackchakgammer,False
Livid_Growth2266,False
masti_khor99,False
PlasticMob,False
Droppermusic-123,False
ded-ben,False
RecognizeSong,False
Due_Reputation_3525,False
Maanchitrakar02,False
suhanee_hatake,False
LUFFY___69,False
Lucifer_utsav,False
literalYAMRAJ,False
mithyamaaya,False
Comfortable_Spell190,False
Successful_Quality40,False
Lazy_hooman12,False
Highh_un_molyy,False
Frequent-Tour-4188,False
ChapriMumbaikar28,False
Healthy_Back_6691,False
mynaj564,False
Divyanshu_10,False
Strange_Ad_1351,False
KING_Gamer_YouTube,False
Artistic-Mongoose-72,False
kos1111,False
No-Robot-69,False
Revolutionary-You786,False
Use-r_name,False
curry_nibba,False
lynndxunha3,False
adi_is_ded,False
Shivam1605,False
RahulNobel,False
ohlwd,False
KeyKnee4394,False
irateandannoyed,False
happierthaneverr124,False
pil-lenis,False
abyssDweller1700,False
HAMBeR001,False
Legitimate_Buy_3941,False
whatdafuq900,False
Werewolf1406,False
Harshhinny,False
m0h1tkumaar,False
abhprk3926,False
Gamer_moment15,False
King_Wiwuz_IV,False
joaonice221,False
NMohan99,False
wijarule10,False
exorcis,False
AveragePerson007,False
abhidharma3006,False
shubhammtyagi,False
i_am_a_pearl_1,False
dima727727,False
psyGandhi,False
332hz,False
ummmZs,False
All_chill-inlife,False
akashneo,False
ConstructionNo4445,False
Jack-Akash,False
CandyBulls,False
Alu_In_Sona_Out,False
shadow13392,False
Capable_Insurance_20,False
Lord_TrainBacker7000,False
Local_Case_9529,False
XxDreadeyexX,False
Random_Reflections,False
Sapt007,False
ClinkzBlazewood,False
jaredletoinfinity,False
Beymaxx,False
Cardinal_Grin,False
Masala_Burger,False
Pear_Powerful,False
Intruder_7,False
Plus_Fortune_8394,False
Alone_Poet6148,False
nakama_da,False
shadow_yodhudu,False
infinity_calculator,False
whiskeymagnet22,False
spycimasala,False
LampardFanAlways,False
FluffyOwl2,False
LongSeigh,False
scapegrace_2022,False
ryuk0701,False
Latter_Rich_6465,False
darthveda,False
spcoder9,False
RohitSanjay,False
ignoredwingman,False
axekiller69420,False
Particular_Acadia537,False
Sifar666,False
cliff_booth,False
PunchrPutrNevrMitr,False
Salt_Ad_4875,False
meaningoflifeis69,False
Spoiltmilk69,False
GlitteringNinja5,False
CPbEosXPp47VjYLT5vyP,False
baroarig,False
vashah02,False
haapuchi,False
rhinojau,False
testkit98765,False
Titanx2005,False
No-Swordfish6703,False
babloochoudhury,False
pratikindia,False
Apprehensive-Ad3911,False
bana87,False
end_9214,False
somehowiknow1234,False
bangaloreian,False
archi_8,False
Equivalent-Cloud-111,False
rabid_rook,False
NorthImaginary3368,False
Unvalued_Investor,False
Complete-Locksmith46,False
maestrono1,False
Sou760,False
skywalker084,False
EducationalWorld9869,False
Rich_Fun8557,False
yamiyo_ian,False
ThrowawayMyAccount01,False
sbs1992,False
Top-Perspective344,False
Far-Monitor2148,False
Reasonable_Dress4210,False
lovevery1,False
troller_-,False
NoBread2168,False
Ad-2050,False
Damnuroze,False
naturalizedcitizen,False
Pretty-Ad-5142,False
bansuriwala,False
vedamulga,False
suyash01,False
Yogi-Rocks,False
deficient_hominid,False
OrangeSwastika,False
miracle_weaver,False
bigdaddy1506,False
YoungerWaves_06,False
criticalchain,False
No_Play_5824,False
minnyrouse,False
vedurockz,False
d4me94,False
Aggressive-Mix3911,False
Vegetable-Dentist893,False
Any_Investment_6860,False
thunderbulll,False
Particular-Touch1337,False
lfcman24,False
MrAyushGarg,False
isitneccasary,False
Opposite-Garbage-869,False
sourcepl84,False
Big-Scholar4469,False
Ok_Aerie3546,False
SoiledCold5,False
Randombutter0,False
Funny-Jihad,False
nashin8or,False
GeoBk,False
Free-Internal6850,False
trollinder,False
NINJA-AMRIT,False
Nofknluck,False
lonewolf_697,False
green9206,False
12blank98765,False
KabuliBabaganoush,False
vishnu_vikash,False
Designer_Bed_1332,False
RajReddy806,False
HighLevelJerk,False
_mad_eye_,False
dreckon,False
torrtuga,False
BakedNietzsche,False
WhenBlueMeetsRed,False
Fasbiryaibadullah,False
Background_Regret_77,False
Any_Yogurtcloset5739,False
OnlysliMs,False
philosophyhurts,False
theaveator1,False
Sweaty-Cup-3516,False
AZ1MUTH5,False
king-of-yodhya,False
haagemaru,False
main_MADRCHOD_hoon,False
Saint_Potato,False
Natural-Panda-5,False
kamikaze9703,False
CrimeMasterRaGa,False
LetsMakeUTDLit,False
Abhi1690,False
sexytomy88,False
Anxious-Ad6011,False
joelgm87,False
randomstupidguy77,False
UdaanV3,False
dickiebitch6,False
Plebeian_Citizen,False
David_Headley_2008,False
aeonian_harshul,False
killerthief1,False
virat_20,False
iplaysmitesadge,False
Correct_Log_857,False
FunThanks1844,False
callmynmae143,False
XXX_Deprission,False
ghostjello198,False
hello2442,False
user22ol,False
Satyawadihindu,False
Kmnjsh,False
ZeStridingTeufel,False
Batana_zaroori-hai,False
karamd,False
Mr_Serious1235,False
mememeing,False
bakejosh,False
vadapavwithchai,False
slamdunk6662003,False
apun_bhi_geralt,False
battlescar_77,False
Bhooshan,False
No-Line5962,False
SorcererSupreme13,False
User-Privacy,False
ramksr,False
star_lord_76,False
DushyantKhator,False
noxious_guy,False
Funkyboi_20,False
mayaslaya,False
letmebeD,False
Corner-Wide,False
sanchitwadehra,False
IndBeak,False
theprabz15,False
legaltrouble69,False
saske_uchiha15,False
FallinDust,False
nolanryan1,False
Eye-4-Eye,False
Fsociety9899,False
creganODI,False
gauchat2693-5,False
terribleatlying4real,False
genocidefood,False
FTLNewtype,False
TeflusAxet,False
Careful_Emphasis_556,False
RoutineOk5497,False
BPandaD,False
TraditionalExam8458,False
niganja,False
MahaVakyas,False
damnyoukakarot,False
harami_baccha,False
Accomplished_Soft_23,False
Old_Spirit_244,False
jstjoined,False
curious_purr,False
Queasy_Employer5114,False
JetsFanInDenver,False
Ok_Monk219,False
Infinite_Raisin_5240,False
Maleficent_Id,False
zxasdfx,False
HappyApple35,False
Worldly-Specialist10,False
arkansas897,False
277satireindian,False
tworupeespeople,False
programmeddeath1,False
playboygavthi1510,False
Historical-Jump,False
Standingtall999,False
Few_Independence8939,False
jumbovada,False
ProudspawnofLILITH,False
Mechanised_JEEtard,False
No_Source_9008,False
Icy_Meringue_6078,False
distractedbunnybeau,False
Zetronspy,False
_chutzpah_reloaded07,False
awhitesong,False
ShantanuSingh42,False
OldAdministration837,False
Beast-priest,False
suman621,False
im_tanaka,False
whysoujjwal,False
TheGod_2,False
hewk_ayush_21,False
Zyklic,False
Reinhard324,False
Fuzzy-War5007,False
Curious_person___,False
cooltoshi,False
No_Interview_5258,False
Expensive-Toe826,False
Ivaring19,False
Due-Economist8238,False
GroundbreakingLeg485,False
howimety0urm0m,False
kartic666,False
AvocadoMysterious805,False
TunakYourLastTun,False
Ok_Firefighter_8103,False
No_Cartoonist3691,False
ExpressEducator15,False
RandomAnnan,False
No_Clock8248,False
MadrasMoney,False
ArjunSharma005,False
ritikkumarz,False
Gyankachoda,False
nsns3280,False
Medium-Cellist-8464,False
Mammoth_Art9010,False
liberalindianguy,False
Tanish2003,False
The-First-Prince,False
Surajitmedhi,False
Abhishek14b,False
Cool_Dare_6416,False
Patta_Go_B,False
Mrs_Kejriwal,False
john_wicks_coach,False
ggboiboi7,False
Naren_Baradwaj123,False
XXXLAVNASUR,False
noteworthyartist,False
Excellent-Sun4146,False
sahilsharma56,False
I_Dont_Wank_Bitch,False
ActuatorBeneficial35,False
Anonymous-genome,False
dankbhai101,False
Background-Abroad-22,False
crunchiecook,False
Dramatic-Jeweler-884,False
nayausername,False
Antique_Candidate_80,False
Freespeechisjoke,False
Vegetable_Topic4561,False
arvindss_,False
kaneki162,False
New_Willingness_4038,False
7h3_w17ch3r,False
Massivejunkie,False
i_zoro,False
Downtown_Sherbert987,False
wawaweewa1401,False
Meowchick,False
AbominableCommonMan,False
Amit_Shrek,False
AbhishekT700,False
Fruit_Dizzy,False
Prasvid94,False
parth_pariwandh,False
bloo_acid,False
left_at_read,False
Electronic_Vehicle57,False
SinghisBlingKing,False
RadioactiveYash,False
GodMurderous,False
____Gh0sT,False
Unusual_Donut1465,False
dankbruda,False
Curiousmonk07,False
Electr0Wizard,False
DharmicDex,False
Practical-Rip-7764,False
Significant_Dog_4339,False
Axerus19,False
goswamiparth12,False
DarkNoob234,False
Flaky_Let6119,False
Tanish7979,False
Shreemaan420,False
jovi8ljester,False
Few_Classroom_1008,False
ArmedSage,False
CapN_Macktavish,False
cheeesefonduue,False
aadee_2202,False
Anonymous52330,False
GotiKaltiMaar,False
Aromatic-Daikon-828,False
Agreeable-Possible-9,False
Amazing_Asparagus_45,False
Electrical-Job-1627,False
ofpsbohju,False
General_Chocolate869,False
Kedar_Deshmukh,False
adi144indigo,False
Chad_Zelensky,False
sabchangasi99,False
DekuDJinx,False
ProfessionalPanic302,False
Ace_1118,False
Roma_aryan,False
desi-charlie,False
Ihatefancynames,False
North_Analyst_1426,False
Sad-Job1269,False
sgeet999,False
Sea-Ad-7161,False
Alarming_Ad439,False
PappuAur71Virgins,False
Fender_Square,False
Shrikant268,False
Today_Swimming,False
Burning-Skull117,False
UniqueInsect4413,False
nitindagar,False
MasterOfRule63,False
panzerkid232011,False
DishSafe4650,False
No-Emu9022,False
No-Clerk2904,False
The_Svaadhyaayavaadi,False
Lost_Fox_5423,False
kautilyaa123,False
cosmo_geek06,False
Great-Advisor-9315,False
wandrer1249,False
Crazy_Minimum5825,False
Accomplished-Pea1481,False
No-Advertising9817,False
Avi-Kaal,False
Practical-Play-1593,False
Sim_sim_putty,False
Arjun_Pandit,False
VoyagerPaleBlueDot,False
sinsandtonic,False
BlindShithead,False
awesomevsauce,False
FluffyMello2608,False
paaparayudu,False
image_linker_bot,False
crazymonezyy,False
godis_gr8,False
MatrixNinja101,False
Syncopatedteen,False
humansaretrashyboi,False
Sanath_gs,False
QuickyQuail,False
as553069,False
mihirsaini1128,False
UnluckyRecipe6060,False
DirectorNo7773,False
centerist_x,False
mullu123,False
toastedtomato,False
atherw3,False
snapflipper,False
hawkDsh00ter,False
farsh-se-arsh-tak,False
confusedaatma_reddit,False
Alert-Holiday6719,False
Ancalagon523,False
MKNNNN,False
Homunculus_316,False
ManishFreak,False
Mogg-The-Twin,False
FalmerBlood_Elixir,False
hehehe007698,False
Quick_City_5785,False
derkoffeinsuchtige,False
sinjisunny,False
Forsaken-Sundae4797,False
AdPrimary5642,False
6jjolutunji9,False
Serbgts,False
prickassli,False
PaidHack,False
Specialist-Breath-10,False
DhruvMehan,False
moohahaa,False
Hardikkushwaha07,False
Mysterious-Remove990,False
ElDude_Brother,False
probe_001,False
Assassin901,False
SoorajSp,False
swami_rara,False
SBC_King,False
codeyman2,False
furiousmouth,False
That_guy43218,False
Glittering_Cow945,False
aisha_was_9,False
cats-inside-pants,False
the-TamperedGrave,False
aitaisadrug,False
loopyorca,False
TempAnamoly495,False
cube2_,False
Comprehensive_Heat22,False
faithdies,False
Photonicinduction,False
NoticeSlight949,False
Historical-Tone-2091,False
InspiredSheild78,False
No_Preparation9143,False
Over-Confection-4579,False
Explosive_Redditor,False
icykra,False
11Night,False
DisastrousMango4,False
MikeTroutsCleats,False
satyamsid,False
goel12345,False
Appropriate_Nobody86,False
veg_momos_2,False
seculund,False
Harambememes69,False
kedarnaths,False
IcyDeer5333,False
chocoboyc,False
SidJag,False
extramakhaan,False
avittamboy,False
Unlucky-Perception57,False
thruth_seeker_69,False
SoyAguaEresFuego,False
Intelligent-Ad9659,False
blackheart1197,False
_archi,False
Darthhidesus,False
jim-jam-biscuit,False
indian_tiger,False
frikuser,False
ghanta-congress,False
randomuserno69,False
umedaki6,False
AffectionateLayer223,False
Flowingnebula,False
Boring-Bandicoot1606,False
TheRealB0tman,False
legolas94331,False
bpal1991,False
RevolutionaryNorth83,False
melonrusk,False
galeej,False
superbamf,False
julioaqui,False
Historical_Pen5078,False
SohamRedditer,False
Why_Uddhav,False
Alpha_Roy__,False
BaBaBlackshepp,False
poopellar,False
Many-Lingonberry-517,False
pvish30,False
anant_oo,False
Bozhark,False
ry57575,False
_sacred-shit_,False
QuasiTimeFriend,False
venom5011,False
abysskm,False
ro_77,False
itisverynice,False
GOLD-MARROW,False
Amarjeet398,False
SpaceDrifter9,False
TheGreatRishabh,False
chmp356,False
shalomworld,False
KedPd,False
iMagnus_34215,False
TackleWaste6277,False
manikantv,False
scr3lic,False
Connect_Scarcity_789,False
CulturalAd7571,False
pro_charlatan,False
okbrok,False
Rishabh_Dev_Singh,False
Shot-Seaworthiness90,False
Gunner9886,False
Datta_sunny,False
bhelpuribest,False
Depressionislob,False
MyPussyAintComfy,False
External_Physics1955,False
CombinationBusy111,False
yasikolokan059,False
dripphood,False
KindOfBlood,False
doasisayor,False
ameya2693,False
sunyasu,False
perennialhormesis,False
Practical_Cat_2276,False
fahadsayed36,False
rajjorani,False
ay3sha_,False
Impressive_Ad_575,False
LowImportance4156,False
kaliyug_kamdev_666,False
SwayStar123,False
EntrepreneurExotic44,False
santouryuu,False
Alternative_Ad_3955,False
Mogambo__,False
Hypocriteparadox1,False
Vjigar,False
the_1_rose,False
Ironblock6969,False
Dalbus_Umbledore,False
tigershroffkishirt,False
Percyblott,False
CritStarrHD,False
nikaahqhqh,False
TemperatureMassive48,False
Clear-Computer6132,False
gothic_satan,False
HereICometh,False
sfyjnkljc,False
Academic_Employ4821,False
jamezbond69,False
little_pineapple5161,False
honey_2627278,False
Ok_Laugh_8161,False
Conscious-Spite4597,False
Routine_Specialist13,False
brajeshrai95,False
ofufnfighskfj,False
F1_lover_kerala,False
BlazingDemon69420,False
Admirable-Bet5639,False
SpeakerUseful2451,False
Niklaus92,False
whatevermanbs,False
tibbity,False
Medical-Debate4176,False
Frontliner_UV,False
batty_boy003,False
IamEichiroOda,False
suicidal-nazi-88,False
NoLandscape3159,False
Tangodrool,False
UniversityNo5981,False
No-Feature4559,False
manjitmak,False
Saksham_tiwari_,False
DrUnKeN_M0nKey_FisT,False
Ok-Mastodon-4765,False
Confident_Dhairy32,False
DartLc,False
reddit_is_facist_,False
RajuSrivastav11,False
VAU_JI,False
epic393393,False
BigIcy2190,False
kala_shetty,False
think_dhaval,False
olivertwist69,False
theweeknddit,False
DarKEmbleR,False
Aditya_Vashist_yt,False
Sagar-Sehrawat,False
shobhu007,False
hindulaunda,False
Tamohin99,False
absurdanonymous,False
Newtya_,False
c0d32abhi,False
arpandit,False
suhaskaranth,False
khadaa_khambha,False
Expert-Hunt-651,False
MantisToboggon2,False
Sumeetxagrawal,False
vlad-the-impala77,False
18Lama,False
Organic-Elevator7476,False
UnluckyHawk994,False
fscker,False
suraj9363,False
drd_rdx,False
Low-Newt-180,False
mmmmmjjjrrrrr,False
Stunning_Economics60,False
Saturnian_21,False
NisERG_Patel,False
Valuable_Fee_2098,False
BruhBorne69,False
sambhav362005,False
abbadabbajabba1,False
dabbangg,False
dolundtrump666,False
Electronic_Drawing80,False
Kai-Hiwatari-1290,False
steelmukka,False
iPhonex300mg,False
moonstruck9999,False
massagetae7,False
DesiOtakuu,False
Jstanj,False
atomdstyle,False
LyannaEugen,False
_Why_me__,False
Moist-Competition-64,False
maxthebest685,False
Ok-Negotiation-2267,False
ComprehensiveSmell40,False
Thakkerson,False
bobby-mcshabi,False
oar_xf,False
yagura_of_mist,False
Chankayagupta,False
fuckeduplifeat22,False
shivanshusingh2007,False
propjX,False
l6_6l,False
rainmaker-koss,False
beforethest0rm,False
tryxter7,False
lost_dreams_seeker,False
gentle_joffery,False
gametime2019,False
anor_wondo,False
ShampuCat,False
VasuChandra,False
Direct-Difficulty318,False
peoplecallmelegend,False
satyanaraynan,False
Roninnexus,False
Anti_Anti_Nacional,False
Amazing_Theory622,False
berzerker_x,False
gagga_hai,False
con-slut,False
capjack30,False
Such_Smell6175,False
Singlehaitch,False
gay_cum_lover_,False
kittoo420,False
SlowNSensible,False
ud4y,False
LeviWerewolf,False
tocra,False
NickFury1998,False
wanderingindian,False
akid62,False
Satal111,False
Acceptable-Work_420,False
probably_not_helpin,False
SamRoy69,False
HooverGetBackHere,False
indiabeast,False
cap7ainskull,False
walkingSideToSide,False
cumposer,False
Frosty-panda,False
Deojoandco,False
quberm,False
RicochetedBullet,False
Sad_Finish_8971,False
abhigang729,False
slowpoke_76,False
Ok_Entertainment1040,False
nurav16,False
BisexualSpaceEmperor,False
Ambush69-,False
PiYuSh3211,False
Kratos-007,False
tryst_of_gilgamesh,False
Snakise,False
vaibhavnam,False
No___bot,False
ArdentAssh0l3,False
Siddharthafk,False
krumlalumla,False
BigSpirit008,False
Chatur_Ramalingam,False
neuro-toxin,False
AdityaMisra313,False
canttell92,False
Abhinavd101,False
No_Mathematician_214,False
Twerkistan,False
Double_Agent_1271,False
ronakbarman,False
bigFatBigfoot,False
Puzzleheaded-Nose607,False
nanaba_1896,False
Harsh_Online,False
Raghavendra98,False
Lord_of_Angmar,False
GovernmentForeign,False
PurpleInteraction,False
Its_raged_shivam,False
Maximum_Soup23,False
Indus_McInduson,False
PanzerGod20,False
Puzzleheaded-Tune-20,False
J_mind,False
diffusiondrift3,False
sh3locki4n,False
NukaKama25,False
stardustrider_0606,False
Routine-Chemical-952,False
what_is_acorn,False
DKlayerr,False
itsmeritam,False
Swimming-Divide-916,False
Meowdoggo69,False
Extreme-Fortune5287,False
Pristine_Scallion_63,False
maxsteel126,False
TupolevPakDaV,False
amit_singh_rawat,False
ShanayStark7,False
Liberal_Andhbhakt,False
Vickie911911,False
avb707,False
unlimtedspace,False
smol-pipi-,False
ShoddyUse669,False
REDDIT-IS-TRP,False
BobbySingh96,False
Pleasant_Paramedic_7,False
CreepyMix2049,False
XenoN-_-X,False
nikk7709,False
Character-Grab1304,False
Pro07,False
Kunalgupta___,False
Glittering-Version50,False
Dreavy_Hinker,False
productive-guy,False
repostit_,False
SauceGayisback,False
PsychoactiveTHICC,False
Different_Yam_9045,False
jason9lives,False
lionel_penaldo,False
chad_memer69,False
chubhishek,False
CoolMasterB,False
Dapper-Lead7944,False
fypotucking,False
deadsix6,False
PM_is_PoopMinister,False
ghtcvb,False
atr_aj2,False
awaken_ywnmmsb,False
JAGSZEE,False
SayanMCPE97,False
crazzy_vj,False
satanbiyatch,False
gohankr,False
One-Raspberry1877,False
tfislifexAV,False
Disastrous-Watch-877,False
Lazy_Uchiha,False
arp5648,False
tanashah,False
GlovesComingOff,False
nirdosh1997,False
Fresh_kanakbhai,False
clopitab,False
Lord-Lannister,False
Next-Illustrator-311,False
drskp,False
iambackt800,False
--Thunder,False
DarcDarchelius,False
Ok_Finding_3306,False
No-Size7289,False
sam777k,False
spacefunc,False
ManaxP,False
Lost-Manner5119,False
khushraho,False
Archer_Arjun,False
newman5768,False
Obvious_Principle514,False
hiteshgavini1710,False
sugmadik79,False
debris16,False
aryanacharya61,False
SomeGuy00015,False
Equivalent_Yam_3777,False
netz123,False
ollohuokboor,False
Bayonet786,False
retardittor69,False
thanoscommeth,False
JuicySantra,False
Effective_Holiday219,False
E_BoyMan,False
Ashb0rn3_,False
nolaughingzone,False
Chamkaar,False
Aggressive_Bed_9774,False
the_running_stache,False
HotPappuInYourArea,False
em0shun,False
SlasheR_399,False
TandooriNight,False
DangerousDraw6751,False
kevin-o-o,False
Shadow_MD17,False
nirmal281,False
bisexualcricketfan,False
bubmyass,False
O2RiDeR,False
chaching675128,False
24v847,False
Adventurous_Load6408,False
realistmofo,False
dumbredditer,False
yiddo_bhushan,False
iwasdeadpool68,False
Arkelian11,False
NightWarrior06,False
BasketOk3312,False
Significant_Air7943,False
aladeen-mf,False
pm_boobs_send_nudes,False
anu2097,False
Odd-Indication-5301,False
souvikLife,False
Pet_my_birb,False
Ultimate_Sneezer,False
FirstInMillion,False
shirrsh059,False
apclps,False
sus_pend,False
mind_uncapped,False
StrongerStrangerK,False
BiGinTeLleCtGuY,False
Decent-Bear4854,False
roamingarnd,False
AreWe3120,False
Free-Ambassador7967,False
ShreyS2812,False
Loose_Perspective_35,False
TheRealZackey,False
Duryodhana23,False
The_Psychicc_Weeb,False
SAPARI86,False
mumsekser,False
Youmassacredmyboy,False
redditsmadlad,False
NotAgent69,False
Shak1196,False
Willing_Diver_7168,False
ljdn,False
prats_omyt,False
SahilSiddy,False
prydav,False
iTharisonkar,False
Thundercock9100,False
veerasaamyTR,False
Adorable_Bullfrog_70,False
Arh_ns,False
Common-Variation5576,False
iamelite20,False
RetiringSnake63,False
_ALPHAMALE_,False
Spacenobel,False
pocketreviewer,False
slipnips,False
Tinkoo17,False
Ready-Ad3141,False
HairHistorical2955,False
newtoRedditF,False
Cryoken_211,False
VoiceToYou,False
ArtMeCraftYou,False
Shubham_Tighule,False
sumitsinghrwt,False
gandhikahn,False
NoYou1596,False
Shiro9792,False
schuylkilladelphia,False
shammy_kumar,False
Ok-Objective-8120,False
Mr_MeMe2000,False
anfuman,False
ghost2020au,False
TouristAcceptable,False
Grrrtpoww,False
LazyXBull,False
commoner_00,False
Gotka_Atu,False
Captain_DJ_7348,False
IndianOtaku25,False
Any-Bug9959,False
Johnashish,False
parm077,False
onigiri_gaming5,False
PhoenixP40,False
sidvicc,False
Its_Sam17,False
crimastergogo,False
ur_rekt_m8,False
zerofark420,False
Imakahari,False
g0labrwt,False
aanisnoor,False
auralovesu,False
MaffeoPolo,False
Grundlagenstreit,False
srinivas_r_iyer,False
Time-Opportunity-436,False
_zRage_,False
OwlSings,False
dude-vikkey,False
practicalpurple007,False
tucking-fyp0,False
Ts_uchiha_21,False
420kai,False
OmicronEpsilon,False
MySketchyCharacter,False
GradToBeHere,False
itspaulryan_,False
KendrickEqualsBooty,False
unknownboi8551,False
DexterMoriarty,False
tamedaddy,False
weirdwiredbrain,False
pallabsen5,False
defender_2,False
no_bad_cuts,False
vergil179,False
EnterprisingCow,False
MR_DARK999,False
-Mr_Punisher-,False
Blazing_Chasm,False
warwolf002_,False
Affectionate_Pair351,False
zoro_senpaiii,False
geezorious,False
Aggressive_Fan_300,False
honey314159,False
Material-Error-7594,False
BatmanFromWuhaan,False
Decent_Square3038,False
MaitreyaPalamwar,False
whyamihere999,False
Astassi,False
yeetusboi97,False
AgentT30,False
haderbill,False
Sea_Tour_3871,False
BinodBoppa,False
BoonesFarmApples,False
MVyn,False
Sri_Man_420,False
ComplexCauliflower46,False
Isabella_Osa_Fan,False
Game_Of_Kartik,False
acjnr,False
primusautobot,False
LopsidedBar4349,False
saik_lone,False
PsychologicalAd1766,False
Friendly-Cicada2769,False
Shinhan,False
mh1ultramarine,False
BigNunu69,False
MAXIMUS_IDIOTICUS,False
mr_nobady001,False
InitiativeFront9451,False
Loose_Tie_7013,False
The-Priest-4200,False
spectre0711,False
doors_2,False
RiNgArInGaDiNgDoNg,False
RecklessReezy,False
Melodic-Winter-9369,False
_total_down,False
aatank619,False
don_jonsenior,False
Dolan_Nolan,False
lokifrog1,False
devashish9956,False
Funwiwu2,False
wanwanya,False
PuzzleheadedAssist82,False
IamDMack,False
Rukelele_Dixit21,False
petermjb,False
OriginalPart880,False
factsquirrel,False
Not-a-high-Iq_9890,False
raman_parashar,False
anokhachutiya,False
bootpalishAgain,False
Hueueuue,False
Interesting_Wrap_485,False
MoronSlayer_786Lolwa,False
DikyHard,False
ahivarn,False
SexyEdMeese,False
whiskeyxwhine,False
Avrdhn28804,False
pagalhumai,False
Yieldway17,False
Sad_Emu3144,False
private2fast4u,False
Automatic-Charge3482,False
antiRightTard,False
ShaunTheCheap,False
Ultimate_Kurix,False
z-trans,False
PratDaBrat,False
Betteljuice,False
Glass-Membership2680,False
viraj_patel_18,False
artistic_bish,False
thepioussatan,False
Affectionate-Gap5654,False
redblade678,False
Mag1_K,False
BotAmour,False
Useful_Machine_2761,False
Tay_ma45,False
IllustratorRude161,False
jayanthkmr,False
Twentyhundred,False
santiel33,False
Humble_Jackfruit9340,False
RaspberrySoda644,False
hyperlazyactive,False
ShreyBY,False
yash_lost_soul,False
VICTORY2296,False
lucky-lucy-20,False
aryan2304,False
win_free_iphone,False
bigdaddyinc,False
EmbarrassedYoung7700,False
Various_Kiwi_3509,False
someonenoo,False
tekina7,False
verma17,False
R-HelLogic,False
Living_Potato_6587,False
shajan316,False
the_greatest_MF,False
SamBJ1,False
Jay_Builds,False
TraditionalFall1887,False
sameer_singh23,False
Trust_Worthy,False
etternalsunshineee,False
Shaunakkk,False
PsychologicalLie3848,False
Indic_civ_ntnlist,False
DirectTension,False
clappedkoochie69,False
udupa82,False
Dangerous_Ad3320,False
aether_arthur,False
theleablanc,False
NikAM2895,False
Wild_Type8990,False
No_Specialist_6322,False
nexracer,False
Nautam_3010,False
OpeningOdd6049,False
ChallengeSpiritual10,False
UmpirePlayful,False
durgesh203,False
Fine-Duck-9324,False
Pradeep_charan,False
SurprisedGhost,False
xalipi4038,False
GuiltyButProtected,False
Neat-Technology4706,False
Ok_Honey_454,False
Abba_ka_Harmonium,False
madarauchiha4029,False
gakar0t,False
TikDakittu,False
Gullible_Ad_5693,False
yajurgupta,False
Mischeviousfly16,False
IITianmohit,False
UniqueUsername_js,False
naaaved,False
Mrinal69,False
Cheap-Chocolate4441,False
Glad_Entertainer9906,False
BeingDangerous,False
Former-Mall-239,False
the_raven2301,False
Silver_Streak01,False
Flochthejaegarist,False
kranti-ayegi,False
dilfinthemaking1,False
DwightKSchruute,False
im_datta0,False
bruhamesh,False
amolpi,False
ThatGuy4mInternet,False
WeirdImaginator,False
UnleashFun,False
sandstormsandy,False
CBhai,False
fromtheb2a,False
sanscipher435,False
TiredPretending,False
PepperBisket,False
manoharhunt25,False
NoAnt6379,False
badshotbot,False
GoneWithThePaad,False
gajwa-e-lund,False
carzyNephron,False
Glass-Earth,False
graywolf-20,False
RightWingNat,False
Extra_Confusion_3297,False
TheBoyfromTheBay,False
JungleGym81,False
NoseWeary6649,False
DMmjolnir,False
JalapenoxD,False
deadXmeat619,False
NoJustAnotherUser,False
samajdaar03,False
Frank2Frank,False
Nocturnal_Dolphin_37,False
erta_ale,False
brunette_mh,False
TheWaffenBhaiya,False
rowdy_nik,False
Y0L0P0L0,False
vizorOfQuake,False
Magnum_Axe,False
oldschoolguy77,False
mohanizer,False
sciIsc00l,False
Legenda_069,False
Financial-Duck9897,False
Significant-Carpet31,False
Personal-Pie-3440,False
FartInThePillows,False
Tumnos_of_the_Gods,False
Over-Back1098,False
ProPlayer1558,False
rodney0102,False
trander6face,False
shaileshbahuguna02,False
Rundowntheclock,False
indianOcean96,False
Trilokjit-Dey,False
gooFyflames,False
shashwat_247,False
Vedanta-Moksha,False
drsohailverma,False
ass-s-in,False
PurpleMatrix03,False
mkapilkumar,False
SeekingShambho,False
fsm_vs_cthulhu,False
Fresh-Land1105,False
Harsh_Nagar,False
Outside-Divide-2945,False
megaXdeath,False
mangames,False
SAmArth_1109,False
Satan_Xavier,False
Beneficial-Number380,False
LAZYGOOSE69420,False
BornArtichoke785,False
ronin1968,False
ka_ka_kachi_daze,False
aditya427,False
Narvrishabh,False
Manan111,False
vladmir_put_it_in13,False
pinkcheems,False
mahatmapatha,False
DarfVaburr,False
ZestycloseChain6725,False
i_steal_your_mom,False
comrade-capitalist,False
phonybaba,False
Ba1a,False
chutkali,False
Abhi_arsenal1,False
Mutant-Mind,False
Caped_hairy,False
Cl1ky,False
NIKHILHA,False
rahul_9735,False
ash2654,False
jookfity,False
ourhindurashtra,False
shogun_animist,False
Horny_kid_17,False
NightAxeblad3,False
HornyScarletWitch69,False
i_totaly_dont_bully,False
SayCheeze_56,False
Consistent-Money-106,False
WeedAvailableHere,False
Apprehensive_War4446,False
cb14_,False
Glittering_Worry_695,False
Pristine_Airport_209,False
Able-Force,False
Raziel-71,False
TarangMagazine,False
pansh,False
NirbharIndian,False
Brixes,False
Sicaltus,False
TeraFirangiBaap,False
Jaydevkadem,False
TheSentinator,False
dumbandhungry,False
Odd_Opportunity_3941,False
NishantDuhan,False
dazial_soku,False
WindsofTravel,False
varunpikachu,False
krishnanravi,False
snektails16,False
Traditional-Bad179,False
PorekiJones,False
mad_bhaskar13,False
etrenitypleasure,False
TruthIsMaya,False
ZykaVyka,False
oblivionnpc47,False
845898,False
gauravae86,False
AssPumper69,False
BholeKiBhasam,False
hakkabahner,False
Electronic-Tadpole69,False
WannabeFreeAgain,False
someone18somewhere,False
qSTELLaR,False
not-a-bot-promise,False
ScionoftheRedThrone,False
TheWiseSword,False
Lifeofaphyscist,False
Green-Sale,False
corpuscularcutter,False
salamalyon,False
LUCIFERYT2019,False
ConstructionNo8261,False
berundarising,False
ItzAbhinav,False
FieryBlake,False
ugv39459,False
chimsachoi,False
redditigon,False
ramdasn1911,False
Particular-Funny-244,False
ssshlimyyy,False
Papalui,False
SatarRibbuns50Bux,False
jpsouzamatos,False
no-chill-nagar,False
nublifeisbest,False
Alternative_Ride_348,False
truelie,False
Jo-ryu-to-al,False
00__starstruck__00,False
Pal_TheGreat1,False
codenameAmoeba,False
no_stone_unturned,False
RajaHemu77,False
Rated_42,False
ToXiCFiRtH,False
kuchbhifeko,False
bot-killer-001,False
Shakespeare-Bot,False
manish2179,False
kedarkhand,False
Ashwin4010,False
Business_Surround692,False
wonkycal,False
GobhiFarmer,False
hrvrd17,False
gryffindorito,False
anonuser91,False
Sher-e-Mysore,False
Sri_Mazdamundi,False
bindhast,False
ButtMuffns,False
hindu-bale,False
NoodlyApendage,False
morg-dog,False
xsupermoo,False
iambaya,False
ramanan50,False
suptonyt,False
StarsAtLadakh,False
TheDelhiiGuy,False
aarounge,False
AntiObnoxiousBot,False
AntiGNB_Bot,False
NaastikaBhakta,False
DD9949,False
twitterInfo_bot,False
a_bunch_of_neurons,False
chintan22,False
dipmalya,False
Connect_Department90,False
halfblood_ghost,False
Euphoric_Dimension62,False
johnkarter767612,False
Public-Indication179,False
DankMemeCartel,False
ankyboii007,False
OppositeLeader4203,False
Psychologicalass,False
nayahumai,False
7549152117,False
eternalrocket,False
page2sama,False
erton01,False
stgr99,False
realist_optimist,False
Mayank1618,False
silvermeta,False
sevmumra,False
converter-bot,False
SnooChocolates105,False
reddevloper,False
gamerfanboi,False
NiceChad69,False
ADDvancedPundit,False
deori9999,False
saarthakkhanna04,False
sympathyforthe-devil,False
vcr48,False
pyaarkiaag,False
PhotojournalistFun76,False
vehlaWanderer,False
nishant1310,False
crusaderoflight,False
achtung94,False
Successful-Panda9888,False
arno911,False
queen_of_england_bot,False
KaiPoChe_Canadian,False
Plaguesthewhite,False
fckbinny,False
Koutilya_K,False
lordamalthea,False
littichoka,False
MALOOM_J5,False
Manbearjizz,False
bharatcheenbhaibhai,False
snowylion,False
loneabhi,False
ADP_DurgaPrasad,False
DiscombobulatedTie61,False
Vinsmoke_ashish,False
themrbeardiful,False
sureshsa,False
jovijovi99,False
rabbi9,False
PyramidBreaker,False
Arjun_Dhama,False
3October,False
outline_link_bot,False
Vizier_Warlord15,False
mazi_ghazi,False
Rebel20581,False
Visual-Addition-1479,False
RutabagaNo4448,False
YepGrasshopper,False
Latter-Captain5134,False
DarthJar-Binks,False
IndicLiberalist,False
a-bespectacled-alien,False
IamYodaBot,False
armorblade,False
in_apprentice,False
PeshwaBajiraoBallal,False
Life_Is_Easy_,False
amitnahar,False
Vyvas,False
PyramidBreaker1984,False
nowoonocy,False
vincent6923sh,False
LostSou14,False
axe_pvy,False
aallkkoo,False
Winter2712,False
NoMinute5719,False
The-Jafa,False
Salty-Soil-1625,False
Arjun_Pal,False
harry_targeryan,False
purinder2021,False
Midnight1938,False
Mr_Epsilon_,False
FeelingAny294,False
ameyasingh29,False
RideMysterious1867,False
nationalist-indian,False
Random_Process,False
Hind_Hunter29,False
tmalix,False
anubhav_abhi,False
satyabansahoo2000,False
marutatmaja,False
priyamsanghvii,False
broautism552,False
Sadesk221,False
Active-Tonight-7944,False
JustcallmeShades,False
Chutiya_Secular,False
valac-1,False
zeratul274,False
YourTechie26,False
Valuable_Talk6095,False
No-Professor-88,False
Ok_Amount8478,False
TheZodiac66,False
Rude_Patience_2626,False
chidoriiii12,False
buritto-50-cal,False
DharmaRakshakan,False
searock2,False
Sirius_Hood,False
WeAreAllEquel,False
deepak2401,False
ArmouredTitan7,False
BedrockBuilder,False
raven55six,False
r4ikrex32,False
Freak_Desktop,False
jatin_bht,False
mickjaggerrrr,False
boeing_bird_yt,False
kithabikida,False
21bce,False
Lopsided-Ad-8304,False
Elegant-Car3950,False
Head_Explanation_604,False
No_Material_1305,False
Top-Excuse5881,False
ChipMajor7214,False
Leading_Pangolin_735,False
BrahmhaDev,False
basedsharma_ji,False
BriefSupermarket6022,False
muscular_penguin_,False
No-Shallot6289,False
Hindutva_Soldier,False
InactiveUserDetector,False
Sentinalcodm,False
Pixelopagus,False
kevin_bb88,False
paradox2708,False
NapoleonAugustus,False
iknowwhatyoudiiid,False
sikeee15,False
Smooth_Ad8352,False
motherboard24,False
MAGIC_EYE_BOT,False
Guilty_Boy1408,False
Immediate-Gene9277,False
DeathKnell47,False
Odd-Stranger-5708,False
Low_Abrocoma_4566,False
Traditional-Dog-1999,False
Rid_8,False
Puzzleheaded-Cat-418,False
Reasonable_Area_3921,False
Think-Cucumber4748,False
WinterSarge1,False
deadlymonkey95,False
Traditional_Cell_256,False
himanshug1273,False
ra42ub,False
ConversationOver633,False
jwmetalhead,False
Rise-Nearby,False
rajpaldas,False
NewStage2204,False
non-narcotic,False
Sumit_Singh53,False
Daddyofallpanties,False
DankMemER-96,False
shankharan,False
shekhawat99,False
cfucker006,False
van_goghsinspiration,False
Awkward-Reflection63,False
Fancy_Connection_437,False
theabhimanyudalal,False
Authentic_dr,False
Living-Muscle-2026,False
Brief-Fox8850,False
Spiritual-Art8084,False
jinxjumper,False
SamManGo_03,False
supare1,False
_Banana_Boi,False
Prudent_Ad5965,False
ReferenceOk7290,False
hamburger1201,False
Great-Marsupial-8990,False
skisawsome,False
Round-Ad-395,False
Think_Investigator56,False
AKKSHAY_KUMAR,False
Conscious_Zebra_3490,False
4breed,False
k3npac2,False
BROWNCHADPAPA,False
Tejas__T,False
Keysersoze_66,False
Kejruddin786,False
EyePrior5087,False
AyyappaBhakti,False
Siyo_77,False
RetroKhyber,False
piyushseth26,False
severed_balls,False
nanafadanavis,False
legend_noob,False
Delta1336,False
akmopxx,False
ErenMadeMeWriteThis,False
catNamedStupidity,False
ANewOne21,False
prophetofthepimps,False
Duntrex,False
Kartikey38,False
kunalkrishh,False
niceperson34,False
Aryanfyx,False
Phoenom00u,False
AdvertisingIll9599,False
cprabud,False
nope-nd-never,False
chacha-choudhri,False
ChachaNuru,False
RationalWank,False
Adi945,False
PrakashRPrddt,False
N14108879S,False
Aromatic_Selection40,False
VelaLaunda,False
Akk_b_unique,False
Flat-Inspection7652,False
bronzegods,False
kaibakun96,False
Khopdi_Tod_saale_kaa,False
Leading-Ad-1881,False
Strong-Ad-1942,False
No-Individual9335,False
kamedyking,False
Mate_Bingo,False
Entire-Development51,False
Unusual_Economics736,False
zekken_zekken,False
Radiant_Material_904,False
Nambruh,False
Strict_Barber3411,False
StrikingAttempt4040,False
Chr0n0s666,False
Makers-Makings,False
kesda96,False
Tasty_chicken69,False
MindfulButcher,False
howdiduknowthis,False
LabAdministrative183,False
ood_sigmaa,False
Legend729,False
americanpower01,False
Intelligent-Cell-243,False
faith_crusader,False
Exotic-Letterhead-23,False
da_yam,False
kukhyat_badasha,False
loxc,False
Lit-hium,False
SharpNeighborhood781,False
CampaignDelicious952,False
mancginger,False
Kisanth_808,False
SamarthRamdas,False
Jolly-Elderberry-605,False
sexsex69420irl,False
DarkMatter475,False
kAK4ROT,False
Agile-Bid928,False
Indian_Steam,False
SnooFoxes3064,False
Great-Ad5331,False
ronkabaap,False
vishalchowdhury,False
narendranoddy,False
dickforchick,False
cumberbitched,False
the_rumbling_monk,False
Lomaranxop,False
Extra-terrestrial51,False
ThanosMadeSense,False
shubham1225,False
Cautious_Midnight231,False
Bi0Act1ve,False
WankyYankee,False
bruno2000011,False
AstrologerMumbai,False
yoboilegion,False
GameplayAddict,False
Rohan0785,False
IIITDkaLaunda,False
ksash,False
onfleekaleaks,False
TheBaagish,False
offender_defender_,False
kalsepadhunga,False
milan_69,False
AngryMeWantsPeace,False
KushagraMaheshwari,False
Leather-Height8501,False
CandySignificant6814,False
Difficult-Tennis-745,False
meonaredcouch,False
Uchiha_Levi1,False
Character-Boot-5346,False
Desidarinda,False
iamabodhisattva,False
RachayataTech,False
Majestic-Increase-16,False
pusanua,False
Yarnfisher,False
ParticularDiligent15,False
rahajaggg,False
Samudra_Gupt_,False
idiotic_sage1435mach,False
staphgo,False
lilcornball,False
draconianfaux_pass,False
Big_Daddy_Xi,False
krishividya,False
ArgumentSecret5107,False
Groundbreaking_Fox57,False
TheCompletebot,False
abhinav1508anand,False
EndTimesDestroyer,False
Titanusgamer,False
KordeV41,False
TheRockiesMan,False
seniordude2,False
bumfart,False
yashasvi911,False
SolutionExpress2681,False
FamiliarExpert3708,False
Xerexes3869,False
greatwillow,False
swingyoung01,False
voov1oce,False
ViolentSoothsayer,False
Harshitthappens,False
LuciferNS03,False
MadKingZilla,False
Slight-Risk-8454,False
JackSparrow2199,False
Meercrow,False
Liekron,False
abhi_2479,False
Fuzzy-Maintenance-93,False
yash135711,False
justtryout,False
Devilshorn28,False
shrevvv,False
sickguy4,False
hidden_d-bag,False
Capt_McTavish,False
arunit007,False
bhaklandyodha,False
aryaman16,False
south_india,False
Legal_Pea_4708,False
itskronik37,False
victorcreator,False
Previous-Cycle-570,False
da_grownup_kid,False
sky_kryst,False
pranjal9,False
KarmaHasDyes,False
Bhasd_,False
CutPrestigious1471,False
akirakurosava,False
999doggo--,False
Hefty_Device3002,False
fullyvelley,False
rusty_orwello,False
Salty_Chemist_9574,False
isthisneeded29,False
renegadedgamechanger,False
trendz19,False
Regenerating_Degen,False
Academic_Bee2578,False
Oyosex,False
Super_paul_66,False
punkypunk0101,False
Ok-Paramedic4388,False
SecureYak4479,False
god-fortune,False
INvincible_INvader,False
Actual_Raisin2011,False
ken921,False
ankitkapoor121,False
eddythemeddy,False
yeh_tejateja_kya_hai,False
soulseeker31,False
sphinx_02,False
latte-bear,False
Darth-Vectivus,False
ertd346,False
E_Jillani,False
puja_mishra,False
teyidel390,False
vkugau,False
I_Like_Buff_Futas,False
wakaboy07,False
Few-Positive-2473,False
donison24x7,False
quetejodas,False
SenseOdd8076,False
klassekrig,False
blackhole0026,False
Vishal_hello,False
K9_Escaso,False
riki_22,False
sandeepbihani123,False
G0d_Reaper,False
Kaustubh_13,False
charm33,False
Critical-Cook-567,False
Curious_Necessary549,False
calz3897,False
Moist-Sport677,False
tripleJupiter,False
Lit_Extreme05,False
kalki0hmmm,False
AcanthocephalaOdd3,False
lalitbarai24,False
val0r0u5,False
el_notorious99,False
BareAssOnSandpaper,False
invoker96_,False
PseudoJack_82,False
Sahil__Rana,False
humtum6767,False
aikioneplus,False
Old_Ad_9698,False
dev3345,False
Lucky_Ocelot_3668,False
fookmefooku1,False
Impossible-Age5526,False
brownptrona,False
barrito87,False
Electronic-Salary515,False
mian_meow_911,False
tbgreddit,False
Conscious_Inside6021,False
rippedgenes143,False
debonair333,False
HyPerChickenXX,False
Stonedme4-2-0,False
youcantfindme2001,False
santafun,False
GenOS2312,False
BarMysterious5914,False
ankit19900,False
HELRAISERzxq,False
Darshan-Raj,False
corleone089,False
Ok_Pomelo7511,False
varungupta3009,False
bhushanhbisen,False
Vast-Consequence-538,False
Quiet-Intern1864,False
PsychologicalMall141,False
HAXEDYT,False
kattar_0791,False
buscomemes,False
doltish_meatball,False
RepublicMajor420,False
Forward_Importance25,False
UwU-Mehul,False
ro23d,False
AdElectronic2022,False
Hard_Hit69,False
HNO_,False
Lawda_lessun,False
That_Lazy_Dragon,False
bomt123,False
CoolAside7546,False
Common_Cense,False
sundervancomplex,False
iamnothardasrock,False
fallen_yogi_,False
FunGlad3926,False
mathapp,False
lilgologgins,False
dek6ix,False
Vishal_g1000,False
obitachihasuminaruto,False
Queasy-Interest-8886,False
Successful-Standard7,False
uzer4vedi,False
Wise-Inevitable-485,False
Phalkaun13,False
boombaat,False
M51092,False
rkrgk,False
inDflash,False
Disastrous-Spirit-25,False
Exact-Werewolf7367,False
Tits_fart,False
spcd_stallion,False
Appropriate-Boot931,False
Complete_Lock_6742,False
Interesting_Tale,False
m_u_w_a_h_h_i_d,False
Organic_Neat8224,False
nisarg1397,False
nayadristikon,False
atomar7,False
rollandfly,False
Woues,False
jackhawk56,False
TheRealArsonary,False
dtonhunt1,False
MisterMxyzptlk_47,False
MrSmartyShirt,False
Fit_Ad5742,False
Hairy_Air,False
crywankat,False
Mohammad_Ka_Aaka,False
Ok_Necessary_7275,False
samvitpaliwal91,False
kkuunal,False
dreamy_ficticious,False
Superb_Trust_3926,False
Bourbonaddicted,False
Answer-Altern,False
Blade273,False
reXen--,False
Ron_Because_Why_Not,False
lokhanpurus,False
reeferchiefer_420,False
rammysagar,False
Remarkable_Head5838,False
Jay-k-7,False
Impressive_Mistake_5,False
Rain__7,False
concard88,False
ExpressionAlert8136,False
Night4guard,False
Devendra_Khati,False
WarDaddy1939,False
Boogeyman_07,False
Spiritual_Vehicle852,False
Red_Aries_wot,False
b_blunt1,False
mistiquefog,False
Gamersnowere,False
DaWolke,False
juggernaut6043,False
Vertical____,False
yashwant2130,False
Former_Arm_7569,False
jaggiramesh,False
GoldenGaaawd,False
LongRelationship4575,False
Sophies_Day,False
intelligence-0,False
Srirekhapr,False
ForbiddenWoodss,False
Criptedinyourcloset,False
maza_aaya,False
Maleficent_Rub_2891,False
narenreddit,False
Reindeer_Disastrous,False
wonder689,False
Simple-Pineapple543,False
Brilliant-Product-14,False
LSign2,False
Ok-Idea8097,False
GamblerMonke,False
baagad_billa,False
sundressme,False
Papa_Rancho,False
Temporary_Ad_8374,False
Vast-Team-6446,False
Cutiepatootie8896,False
nergal007,False
Chandragupta2000,False
ghost1016,False
Drigmbhu,False
dragdietyluard,False
Similar_Traffic_5777,False
prateek_67,False
Dull_Entrepreneur_43,False
RunAwayThoughtTrains,False
TechnicalArachnid685,False
No-Worker7436,False
Warm_Replacement4182,False
BuyLivid8527,False
Vegetable_Bobcat1915,False
Accomplished_Bass669,False
mangocrazyy,False
zeeshankhan1999,False
calebkhalib,False
MarioGotze53535,False
General_Cut_1712,False
C0nsistentExternal88,False
EducationalAd187,False
AnotherUncannyBeast,False
Master_Duggal_Sahab,False
pappuGAMMER,False
bipin4u7,False
Mitz_bond,False
fanabba,False
BruceBhindi,False
rumitdhamecha,False
silverlight69420,False
Sir-Sinjin-Smythe,False
chaturbaniya,False
BlissfulIndian,False
FakespotAnalysisBot,False
Abhisheksmhatre,False
indtaly,False
Healthy_mind8721,False
Proper-Stage-807,False
SadTaste4261,False
Amazingpants2,False
agnt007,False
fastasfuckboye,False
plebu,False
Impossible_Patient57,False
AstronomerNo9200,False
Pjakc,False
Administrative-Use-3,False
Pratham_chaturvedi,False
HE11R4ZER,False
_uggh,False
shahzeb_2601,False
falana-dhikana,False
ibtsamulhassan,False
Mahameghabahana,False
Tarasheep,False
Big-Maintenance8349,False
Sea-Barnacle-5012,False
paharganj2paris,False
AncientPurchase7324,False
Master_Fan_7687,False
Dankrig,False
gl7rwh35,False
JustAnotherHuman5,False
shaktipeeth,False
peace_sennin,False
noobatious,False
0narutoxuchiha0,False
majortung,False
KartikHarit,False
TheRealKaviModz,False
JaiBhole1,False
skullshatter0123,False
Lilac_ek_nella_phool,False
MedicineRealistic905,False
Ok-Idea2004,False
Fluid-Isopod1435,False
nervouslyconfident27,False
flyontheroof,False
fake28id,False
Adityanmoney,False
NecessaryMuffin8716,False
shankroxx,False
wahbhaiwah98,False
pacman2048,False
Similar_Green_5838,False
AshTriton,False
professorchaosishere,False
Opposite-Bathroom561,False
tapasviCRana,False
aniksh_ryuzaki,False
Themarathaman,False
swami_dev,False
W0lf87,False
ghbbbvvcsunb,False
chalkcaterpillar,False
DryDraw96,False
majnubhai4541,False
STOPCensoringMeFFS,False
Additional-Carrot971,False
chemicalbonding,False
anotherimbaud,False
poop-pee-die,False
iamadigitalnomad,False
ps-peanutbutter,False
wikipedia_answer_bot,False
YisImWhiteW0lf,False
superkrish,False
CEO72HoorLLP,False
Relevant-Tax6330,False
KashmiriAlly,False
SecularRedChaddi,False
ritesht1,False
Broad-Score-9563,False
Ok_Elderberry_5748,False
nigelhadid,False
Pathseg,False
ActuatorIndividual19,False
Effective_Ad5933,False
Silly-Picture-6069,False
Sea-Resolve2137,False
Renji517,False
use_invalid_username,False
Cool_Anybody_8418,False
Significant-Fox-685,False
brithindu,False
BigSurround2,False
SandwichDistinct,False
Spiron123,False
Responsible_Ear_5302,False
Many_Communication24,False
call_me_das,False
amalagg,False
CacarotToTheRescue,False
Noormie_hu_mai,False
Remarkable_Cry9488,False
bparlapalli,False
Absurd_soul,False
Consistent-Depth4051,False
Jigsaw1609,False
PrepBrepi,False
No-Camp-4940,False
SherHindu,False
FightPatriotFight,False
meinMalhar,False
Nihilistic_cringe,False
Knox230902,False
bak-richod,False
dhronnie,False
azeez786,False
Significant_Alps_480,False
Illogical_philosphr,False
what_the_heaven,False
visheshvish11,False
codamission,False
EdBarrett12,False
Aquataill,False
Photoshopme118,False
PixieManicDreamy,False
avaneeshmt,False
sageshubh07,False
Truthseeker_23,False
iDoSwordFighting,False
real_life_ironman,False
oct5,False
hindustanimusiclover,False
Deadpool___8,False
Tanuj7250,False
chiethu,False
--I-love-you-,False
TeacupuchanKimochi,False
ConversationSlow6640,False
President-PUTlN,False
Miserable_Man,False
blabla_blackship,False
pirate_extra,False
ConfusedRedditor16,False
Surya2805,False
TSLegioner,False
RA7421,False
dharmavaan,False
sarindam007news,False
Bhalla97,False
LeaderLess2628,False
sid66792001,False
jiansou,False
GANDHI-BOT,False
DopDevs,False
NyanDorae,False
IISCP4999II,False
lisadia_,False
LEGO_nidas,False
HarshTruth_Revisited,False
Turbulent_Emotion_94,False
i_didnt_do_itofficer,False
NormalConsequence839,False
wise_man6969,False
Juicecurry,False
blackrock-orange,False
crazyrhombus,False
Chapri_from_Chapra,False
sonal1988,False
jdmuqabla,False
kidlit,False
CommonIntroduction29,False
hellooshawty,False
choot-pakoda,False
faithless1001,False
Hurican9ja,False
naddy1988,False
zamporine,False
Adventurous-Body-477,False
Revolutionary_Cat521,False
saud_qureshi,False
OverRated_Maulana,False
aDisappointment_,False
onduali7,False
Zypher1271,False
False-Beyond,False
Titanium_369,False
Rayeed2008,False
Competitive_Fly_4521,False
ellychalie,False
Strategy-Individual,False
Normie_slayer65,False
ssurkus,False
CalligrapherCrazy213,False
Kautilya0511,False
chmod0644,False
smarthagirl,False
Divine_Chariot,False
asmr2143,False
theubermenschadisa,False
Prince_Of_Hell001,False
International_War935,False
barsun14,False
Potat_h0e,False
No_Illustrator1138,False
dank_ka_choda69,False
SaikoKing,False
frailmaleego,False
saurv_30,False
SanatanaDharmam,False
ragavsn01,False
putush,False
scoubay-du,False
kverne,False
Practical-Penalty308,False
BrownNinja00,False
GeorgeKingFloyd,False
hyperactivebeing,False
selfdevlopingyouth,False
FLUX_m3,False
kirankool,False
JIRAYASAMA0492,False
Cherr_23,False
United-Mark6,False
verygudacc,False
WuhanVirusMKX,False
Solid_Island_3442,False
xo_cynical_xo,False
agyani_balika,False
happyszzzzs,False
New-Serve-601,False
rpaim8,False
anhad_,False
FatalConfusion0,False
re00vers,False
leetcoder217,False
NeighborhoodEnough15,False
reminder_dubey,False
MemeAccount6399,False
anakin_loves_sand69,False
Libganduslayer,False
Chota_NuNu,False
3x-plus-1,False
Viperkelo_wiskey,False
FatFingerHelperBot,False
RaiseTypical,False
Ambitious-Ad-3445,False
weaverrrrrr,False
Ok-Jicama-5134,False
Sed_struggle101,False
Lasi22998877,False
PandaPooped,False
No_Departure718,False
Objective_Hat1933,False
hostt33,False
putinkimummy,False
TomMorvRiddle,False
B0tRank,False
Sra_ya-666,False
Sorrowsorrowsorrow,False
sunday25,False
Ryuksharma,False
smaran13,False
viraj29,False
lostsoul2016,False
AdeptSurvey5416,False
AderTitsoff69,False
Broad_Appearance_170,False
jay00013,False
muthhal,False
Das_Creative,False
truthwaala,False
Guru0204,False
RedHillyBilly,False
FractalsAndPDEs,False
pialaila1,False
AnonymousCoder_ds,False
nsg_1400,False
Dabbler-Deluxe,False
flying_samosa,False
Bag-ins,False
R120Tunisia,False
All_Father_69,False
journeyovergoals,False
MavericKsiCODMYT,False
KaleidoscopeTrue4553,False
chakachaundhchampak,False
vishalg19,False
Former_Notice81,False
neo_daft,False
Moneru,False
galtkrk,False
piyushpratim04,False
nogea,False
weebtrash9,False
ChipChrome-,False
No_Butterscotch_3769,False
Particular_Depth5206,False
grandmotherofreddit,False
Professional_Bug4963,False
JustForFun-4,False
gginfinity55,False
Shredder0310,False
Accomplished-Wolf796,False
AJ3102,False
IEMIRATES,False
flightlesss_bird,False
paddiya,False
BackgroundSpirit2882,False
Danjondoragon,False
funkym00se,False
dead_for_now07,False
Xpertyash,False
nemore89,False
santaniatheist,False
CaterpillarPlane7973,False
masteratul,False
_ironhearted_,False
baathebadsheep,False
imvikaass,False
poeticprotagonist,False
1onepunch1,False
ashutosh172004,False
popat_mohamed,False
north0east,False
Other-Alternative454,False
Raven_007,False
shikharspartan,False
dailyogi,False
Classic_Dill,False
lame_pair,False
traditionalcat_,False
Cheeku_Khargosh,False
DiaperUWUSniper,False
Pyarinari,False
Upset-Spite-2802,False
DreamfyreCaraxes,False
Kaka_Burs,False
akhaye047,False
justapasserbyonroad,False
isee_throughyou,False
i2rohan,False
SeventyCents,False
BABA_YAGA_DOC,False
_ha_r_sh_,False
sh_ub_ha_mm,False
SheikhMuhboob,False
zed1025,False
Legitimate-Half6193,False
M_MUNEEB,False
namanjha29,False
Under_TheWave,False
ididacannonball,False
obamacare_mishra,False
artificialMuse,False
FicklePickle124,False
reading_maniac,False
hisoka1759,False
RougeWolf_,False
delhielites,False
csureja,False
ForsakenValuable7759,False
Fit_Astronaut_4278,False
unnamed_account_2k,False
harsh16__,False
konan_the_bebbarien,False
UnionGloomy8226,False
BeginningStay2377,False
Legal_Associate2833,False
rishiarora,False
PunchrPutrNeverMitr,False
Lost-Flamingo-6969,False
Ok_Victory1443,False
_i_own_this_username,False
anonymus_xyz,False
c00kdJ3llY,False
viralkilo71,False
drana395,False
Hooni_Badger,False
PikaPant,False
deviant_300,False
Uncle_Iroh_007,False
Vegetable-Teaching89,False
K_U_Z_U_R_I,False
Aashishkebab,False
parthmodi54,False
AlarmedCollection753,False
Suup3rnova,False
thiccnchonky,False
namesake1337,False
Curious_Monkey314,False
Proper-Philosophy568,False
TheDonMan97,False
mp21rime,False
sapien_hunter,False
qsxcgyuhnk,False
Vildhorn,False
ShivamVyas,False
TronaldJDumpster,False
avisahani,False
u_are_gae2,False
Kino-_no-_tabi-,False
deepanshu0319,False
Normal-Strain1161,False
mechamakhri007,False
Virokinrar,False
dharti_par_bojh,False
_mfStarBoy,False
Khamsta2169,False
sapan_auth,False
grao666,False
IodineLuvUranium,False
aririrarajustlovemee,False
AnshuJaiswal,False
ExecutivePlay,False
ganesh2shiv,False
person930,False
Enough-Ad4608,False
Dear_Doughnut_2359,False
colablizzard,False
chikchikiboom,False
hm3105,False
carbonPainter12,False
AdiNayak,False
OldMonki,False
Any-Principle-8664,False
Comfortable-Win5955,False
Southern_Diver_8792,False
ekxtasy,False
Outrageous-Run911,False
Upper-Bus-219,False
Pseudo_89,False
Dialyme,False
xxxTazxxx,False
invincible_moron,False
IITianExplains,False
Turbulent_Cat_7082,False
SubSharanSubHuman,False
Prize-Improvement-33,False
PoppyDotWot,False
LokeshGhosh,False
Economy-Tour-9083,False
reddit_guy666,False
IndianReddit0r,False
Sharp_Iodine,False
RepresentativeOk9517,False
dreamer2904,False
shpongletron00,False
cometweeb,False
President_of_lululu,False
BitchImARedditor,False
gentle-seal,False
OuijaSin,False
PuzzleheadedAide9,False
eagereyez,False
dkay1986,False
IcarusiNash,False
SadOstrich5244,False
brrrrrgrrrrr,False
-HunterLES,False
TitanRuse,False
Yajnavalkya1,False
L0Lmaker,False
God__zeus1874,False
whatelsetosee,False
Federal-Jelly-3168,False
Fit-Capital-3026,False
Mayankthakran,False
Bps33382,False
Terramorphous2_0,False
abi_hawkeye,False
Vast-Swimmer-6007,False
creature_was_shit_69,False
Squinx213,False
rav_I_shankar,False
kewlresist,False
thedumbindian,False
this_sucks_that_meh,False
TobyRanaut,False
SeaEconomist9929,False
dc2015db,False
Available_Ganache_22,False
whatMiseryAmI,False
Fun_Caterpillar_8500,False
SuperSurya92,False
AdiYogi82,False
tea_cup_cake,False
Fr4nKy94,False
Luciferstar27,False
UltraMoonSaini,False
iamProfessorBoris,False
Ranjeet-Gunda,False
DevTomar2005,False
IndianNavy,False
BURIBURIZAEMONZCODE,False
HoustonDam,False
certified_iyer,False
TurbulentAd6006,False
mellelo,False
kuami1980,False
Angrypixel89,False
LuckyNumber-Bot,False
Fishlover694200,False
Real_Pepper_7349,False
Jasnoor_Sandhu_,False
Ancient-man-2583,False
ProposalSpecialist87,False
Badboy0123456789,False
Zestyclose_Ad4168,False
goku1171,False
AioliTrick592,False
Narcissistic_Boy_28,False
Ok-Woodpecker-8750,False
VenturedDaWn,False
Alpha_male703,False
Bhagva_n,False
Important-Course-242,False
The_Tanmay,False
GlitchSpecimen,False
Father-Landi,False
Former-Cat-6491,False
razorx274,False
GrapefruitDry5666,False
Slight-Sweet-8760,False
Existing-Visual-1228,False
Majestic-Fold6309,False
Successful-Pen5816,False
SKullCrusheR_20,False
gagisgreat,False
Intelligent-Window60,False
Expensive-Turd8237,False
Lucifer_Ace_2468,False
Inevitable-Rabbit-61,False
Suchit_Kumar_Pandey,False
Nunu_ka_pados_tatta,False
FactChecker69,False
PassageDue9528,False
ShadowHeadshot,False
raatkahatyara,False
ExchangeCold5890,False
Boobieboi69,False
Professional-Sun-735,False
_sameer_bhardwaj,False
Alternative-Hat3775,False
iamkundan69,False
patrick-boi,False
IntelligentPie6561,False
Aakash-17,False
Alarmed-Bathroom8841,False
DIBSSB,False
Beautiful-Extreme286,False
Inevitable_Treat1373,False
One_Cut_1647,False
No_Plankton279,False
Character_Practice41,False
FabulousCaregiver983,False
Benimaru101,False
llrestio,False
kahaaneekaar,False
RyanGosping,False
Snakes1904,False
AmakV12,False
darkdaemon000,False
LordKiteMan,False
99Kira,False
VARUNKUMAR780,False
notIntoGames,False
RiskyDIBShit,False
ErRroR_404_NoT_FouND,False
formerLiberandu,False
Yaabadaabadooo,False
Lanky_Source6361,False
locx2019,False
grim15448,False
ZECKS_AK,False
Shanmukha_Repaka,False
piyukumar,False
chandru029,False
Nifty_69,False
Dikshit101092,False
ilovelaughing33,False
adityachabbra32,False
supersain007,False
peaceful_war71,False
deephostingvalue,False
Narendra_17,False
baby__groot,False
Short-Echo61,False
fightatsight,False
Aromatic_Category154,False
ra_corleone,False
rahul_131,False
Old_Exit5718,False
Anikett09,False
Lowgun_03,False
Ap31F5,False
Sherlock-CCXXI,False
damish_2003,False
shubham2908,False
RandomGuy1o1,False
parakite,False
Which-Birthday-9764,False
rajath_pai,False
jantagayimarane,False
Odd-Departure6050,False
Sir-DiamondHands,False
roosrock,False
_fluxcapacitor,False
Pankaj1973,False
RussianSpySleazeBall,False
yyyaaassshhh,False
greymonkey618,False
schrodingerdoc,False
Most_Debate8433,False
RoyalSorcerer_Navlan,False
5abiLion,False
Neanderthal_InSpace,False
TheKrunkernaut,False
shwetkunds,False
666shanx,False
Hot_Inspector_4199,False
No-Reading1514,False
RealityCheck18,False
Kahlil_Jabronis,False
desitelugu,False
theoriginaltrinity,False
szinho,False
uttam_soni,False
Shashwat625,False
Viktorenox,False
anonForObviousReas,False
EbicEngineer,False
aloysius_black,False
KiwiDilliwrites,False
goylander,False
Average-guy-87,False
arpanConline,False
69_geniegod,False
PralineSoft8158,False
atheist_9,False
MicroAlpaca,False
Kusha97,False
sritij321,False
Soltang,False
Souravsan,False
The_lastphoenix2,False
shreesrinivasan,False
ChingChangPokPok,False
chu_se_chuttad,False
bill10ns,False
gg12345,False
QuantumS1ngularity,False
Shivacharan_1015,False
Salty-Art-2369,False
sammndl01,False
ChinnaPaiyan,False
Historical-Rush1996,False
Productive_Anxiety,False
Username-__-_,False
BuggyAss69,False
vik_como,False
UntilEndofTimes,False
paid_anarchy,False
HutiyaBanda,False
Jay9dec,False
Thegreatone_001,False
Famous_Plate_1390,False
Shexious,False
_voma,False
Saitheja21,False
Mellow_Sixty,False
username190498,False
Jorge1939,False
half_batman,False
Large_Cartoonist4393,False
DonParva,False
swapnil_321,False
tumultacious,False
topsycoder,False
dvd25,False
section312,False
VoxNihili-13,False
Croz7z,False
hairymitochondria,False
tapparvasi,False
Xrynfe5isback,False
ashishhCR7,False
Parking_Math8584,False
Bubbie88,False
Brave-Cheesecake1177,False
xwallsyx,False
Former_nobody13,False
sharmajiwtf,False
nb5566,False
Routine-Rent-1645,False
Cool_Entrepreneur609,False
ADind007,False
0gGrid,False
Express-Cheek4467,False
myersfriedrice,False
Kal-el_17,False
SidLawliet,False
Ok_Step_3461,False
tr1pk,False
radio_avtiv,False
YOURdudeRISHU,False
Sthitaprajna_Ron,False
_CRUISER_069,False
9c4o51,False
mrlol97,False
Ill_Bug_7773,False
Wonderful_Fun_1833,False
Bazzingatime,False
Dear-Yesterday6799,False
jacksparrow1110,False
iamam305,False
AppointmentNo3645,False
gluegun_33,False
BrawlingFarrago,False
DSIN_HA,False
daddy_mav,False
Pablo--Discobar,False
KDLadwal,False
honkbonk12,False
flyinparatha,False
mobasan,False
Kooky-Poet847,False
Doubledoor,False
TheBongChamp,False
crispysnowman,False
ChinuCODM,False
lazyking218,False
Maddoc_71,False
VenomXblade,False
d17_p,False
stinkyypinkyyy,False
DilliKiiBilli,False
goodbadanduglyy,False
BlueFlame__,False
Whitebeardisking,False
sota_nahi,False
Tharkee-monkey,False
__k_a_l_i__,False
sonsofearth,False
gagansid,False
Blaze___27,False
Sea_Succotash9542,False
smellulum,False
gogurbajey,False
